MAP_ID,AGENCY_ID,INTID,DATE,COUNTY,SYNCHRO_ID,ROAD1,ROAD2,ROAD3,CITY1,IS_SIGNALIZED,ZONE,TMC_DONE,TMC_DATE,LATITUDE,LONGITUDE,AM_PEAK,PM_PEAK,NORTH_LEG_IN_TOTAL,NORTH_LEG_OUT_TOTAL,NORTH_LEG_IN_AM_PEAK,NORTH_LEG_OUT_AM_PEAK,NORTH_LEG_IN_PM_PEAK,NORTH_LEG_OUT_PM_PEAK,SOUTH_LEG_IN_TOTAL,SOUTH_LEG_OUT_TOTAL,SOUTH_LEG_IN_AM_PEAK,SOUTH_LEG_OUT_AM_PEAK,SOUTH_LEG_IN_PM_PEAK,SOUTH_LEG_OUT_PM_PEAK,EAST_LEG_IN_TOTAL,EAST_LEG_OUT_TOTAL,EAST_LEG_IN_AM_PEAK,EAST_LEG_OUT_AM_PEAK,EAST_LEG_IN_PM_PEAK,EAST_LEG_OUT_PM_PEAK,WEST_LEG_IN_TOTAL,WEST_LEG_OUT_TOTAL,WEST_LEG_IN_AM_PEAK,WEST_LEG_OUT_AM_PEAK,WEST_LEG_IN_PM_PEAK,WEST_LEG_OUT_PM_PEAK
193_1,193,1,2/23/2011 12:00:00 AM,-,1,11TH STREET NW,K STREET NW,,-,True,-,Yes,2/23/2011 12:00:00 AM,38.9025241,-77.0270444,06:30-09:30,15:30-18:30,2655,1781,1237,434,1202,1180,2021,3045,495,1461,1370,1335,1490,1870,575,407,710,1319,3075,2545,909,914,1887,1335
193_2,193,2,3/3/2011 12:00:00 AM,-,2,11TH STREET NW,M STREET NW,,-,True,-,Yes,3/3/2011 12:00:00 AM,38.905637,-77.027041,06:30-09:30,15:30-18:30,1639,1380,781,287,806,1068,1598,1338,362,633,1205,664,121,969,54,314,62,633,745,416,223,186,508,216
193_3,193,3,2/23/2011 12:00:00 AM,-,3,11TH STREET NW,N STREET NW,,-,True,-,Yes,2/23/2011 12:00:00 AM,38.9072421,-77.0270333,06:30-09:30,15:30-18:30,1652,1275,837,272,716,894,1306,1548,272,717,921,728,608,507,237,130,332,318,527,763,133,360,339,368
193_4,193,4,2/9/2011 12:00:00 AM,-,4,11TH STREET NW,O STREET NW,,-,False,-,Yes,2/9/2011 12:00:00 AM,38.9085253831587,-77.0270240306854,06:30-09:30,15:30-18:30,2012,1319,1097,343,867,941,1281,1953,332,1058,909,842,270,370,128,122,133,239,319,240,99,133,216,103
193_5,193,5,2/16/2011 12:00:00 AM,-,5,11TH STREET NW,P STREET NW,,-,True,-,Yes,2/16/2011 12:00:00 AM,38.9096451,-77.0270339,06:30-09:30,15:30-18:30,1347,2082,295,1175,1026,850,2059,1305,1177,316,828,960,540,705,175,298,350,396,777,631,329,187,432,430
193_6,193,6,2/9/2011 12:00:00 AM,-,6,11TH STREET NW,Q STREET NW,,-,True,-,Yes,2/9/2011 12:00:00 AM,38.9111213,-77.0270354,06:30-09:30,15:30-18:30,1276,1012,539,267,710,716,905,1373,246,587,632,756,0,1386,0,350,0,1015,1592,2,419,0,1147,2
193_7,193,7,2/17/2011 12:00:00 AM,-,7,11TH STREET NW,MASSACHUSETTS AVENUE NW,,-,True,-,Yes,2/17/2011 12:00:00 AM,38.9039642,-77.0270535,06:30-09:30,15:30-18:30,1390,1356,707,364,629,957,1504,1847,375,890,1094,904,4222,4097,1851,1512,2113,2457,4475,4291,1691,1858,2653,2171
193_8,193,8,2/15/2011 12:00:00 AM,-,8,11TH STREET NW,RHODE ISLAND AVENUE NW,,-,True,-,Yes,2/15/2011 12:00:00 AM,38.91063,-77.0270222,06:30-09:30,15:30-18:30,1085,2504,402,1695,642,755,1675,1190,677,347,960,805,3440,6359,1761,3455,1615,2691,7172,3319,4467,1810,2476,1442
193_9,193,9,2/10/2011 12:00:00 AM,-,9,18TH STREET SE,INDEPENDENCE AVENUE SE,,-,False,-,Yes,2/10/2011 12:00:00 AM,38.887589,-76.978996,06:30-09:30,15:30-18:30,688,133,447,25,188,96,225,675,33,435,173,190,0,6166,0,900,0,4880,6061,0,880,0,4805,0
193_10,193,10,1/5/2016 12:00:00 AM,-,10,10TH STREET NE,MARYLAND AVENUE NE,,-,False,-,Yes,1/5/2016 12:00:00 AM,38.8963315,-76.9926381,06:30-09:30,15:30-18:30,857,618,227,261,406,177,840,921,392,249,218,423,3501,2846,2031,482,593,1403,2795,3608,477,2135,1384,598
193_11,193,11,3/2/2011 12:00:00 AM,-,11,PARK ROAD NW,KLINGLE STREET NW,WALBRIDGE PLACE NW,-,True,-,Yes,3/2/2011 12:00:00 AM,38.9332139,-77.0454009,06:30-09:30,15:30-18:30,2632,2699,859,944,828,697,942,1705,271,735,282,431,4009,2000,1664,445,888,781,763,1942,172,842,324,413
193_12,193,12,3/16/2011 12:00:00 AM,-,12,16TH STREET NW,MISSOURI AVENUE NW,,-,True,-,Yes,3/16/2011 12:00:00 AM,38.9624382,-77.0364449,06:30-09:30,15:30-18:30,10472,11783,4184,2488,2051,3891,10365,10485,2107,4152,3504,2099,0,1062,0,371,0,191,2493,0,720,0,626,0
193_13,193,13,4/21/2015 12:00:00 AM,-,,7TH STREET NW,H STREET NW,,-,True,,Yes,4/21/2015 12:00:00 AM,38.899775,-77.021885,06:30-09:30,15:30-18:30,1347,2571,689,1060,658,1511,2597,1329,1067,678,1530,651,1862,2073,1132,727,730,1346,2048,1881,719,1142,1329,739
193_14,193,14,4/6/2011 12:00:00 AM,-,14,14TH STREET NW,MISSOURI AVENUE NW,,-,True,-,Yes,4/6/2011 12:00:00 AM,38.9615905,-77.033349,06:30-09:30,15:30-18:30,2912,2293,1178,810,783,615,2313,3321,822,1358,618,870,0,19,0,12,0,3,409,1,180,0,87,0
193_15,193,15,4/6/2011 12:00:00 AM,-,15,16TH STREET NW,FORT STEVENS DRIVE NW,,-,True,-,Yes,4/6/2011 12:00:00 AM,38.9648264,-77.0362808,06:30-09:30,15:30-18:30,11774,9775,5096,2510,1813,3304,9791,11865,2529,5214,3310,1808,616,538,282,182,144,155,0,3,0,1,0,0
193_16,193,16,3/29/2011 12:00:00 AM,-,16,14TH STREET NW,MILITARY ROAD NW,,-,True,-,Yes,3/29/2011 12:00:00 AM,38.9621122,-77.0334472,06:30-09:30,15:30-18:30,2962,1796,1570,482,656,657,1976,2765,705,1151,545,919,7078,4850,3088,1731,1904,1416,5377,7982,1761,3760,1775,1888
193_17,193,17,3/29/2011 12:00:00 AM,-,17,OREGON AVENUE NW,MILITARY ROAD NW,,-,True,-,Yes,3/29/2011 12:00:00 AM,38.9616744,-77.052714,06:30-09:30,15:30-18:30,1570,1176,856,341,305,543,935,1374,145,862,573,183,9401,8351,4552,2449,2008,3545,7343,8348,2089,3990,3139,1754
193_18,193,18,4/1/2011 12:00:00 AM,-,18,14TH STREET NW,EMERSON STREET NW,,-,False,-,Yes,4/1/2011 12:00:00 AM,38.9497469,-77.033297,06:30-09:30,15:30-18:30,3699,3848,1293,625,987,1510,3835,3645,642,1271,1509,989,257,288,50,66,89,96,245,255,59,82,101,91
193_19,193,19,3/22/2011 12:00:00 AM,-,19,35TH STREET NW,PILGRIM ROAD NW,GARFIELD STREET NW,-,False,-,Yes,3/22/2011 12:00:00 AM,38.927525,-77.0686366,06:30-09:30,15:30-18:30,230,5,46,2,60,0,60,86,16,39,17,14,2321,1900,500,597,650,472,1819,2439,588,512,439,680
193_20,193,20,4/7/2011 12:00:00 AM,-,20,WISCONSIN AVENUE NW,WOODLEY ROAD NW,,-,True,-,Yes,4/7/2011 12:00:00 AM,38.9318677,-77.0726508,06:30-09:30,15:30-18:30,9132,9057,4083,2815,1706,2348,8881,9282,2662,4208,2337,1750,1706,1002,805,429,466,227,536,914,282,380,114,298
193_21,193,21,4/6/2011 12:00:00 AM,-,21,34TH STREET NW,WOODLEY ROAD NW,,-,True,-,Yes,4/6/2011 12:00:00 AM,38.9314715,-77.0663947,06:30-09:30,15:30-18:30,4506,3332,1527,877,797,710,3220,5197,865,2074,626,840,1440,678,528,254,379,113,1458,1417,822,537,194,333
193_22,193,22,9/22/2010 12:00:00 AM,-,22,35TH STREET NW,RESERVOIR ROAD NW,,-,True,-,Yes,9/22/2010 12:00:00 AM,38.9126679,-77.0692472,06:30-09:30,15:30-18:30,2186,2080,646,494,646,640,3384,4791,781,1555,1028,1414,1435,2669,482,762,378,761,6006,3471,1899,997,1714,951
193_23,193,23,10/7/2010 12:00:00 AM,-,23,GEORGIA AVENUE NW,NEWTON PLACE NW,,-,False,-,Yes,10/7/2010 12:00:00 AM,38.9337993,-77.023916,06:30-09:30,15:30-18:30,7559,5522,2582,1270,1649,1730,5620,7523,1289,2564,1764,1656,0,248,0,61,0,64,114,0,24,0,37,0
193_24,193,24,9/16/2010 12:00:00 AM,-,24,WISCONSIN AVENUE NW,M STREET NW,,-,True,-,Yes,9/16/2010 12:00:00 AM,38.9051724,-77.0628078,06:30-09:30,15:30-18:30,3096,2262,1180,685,949,752,1967,2225,446,936,766,599,4056,4908,1176,2192,1469,1198,5034,4758,2303,1292,1274,1909
193_25,193,25,5/18/2016 12:00:00 AM,-,25,18TH STREET NW,I STREET NW,,-,True,-,Yes,5/18/2016 12:00:00 AM,38.9013216,-77.0417002,06:30-09:30,15:30-18:30,0,7032,0,2697,0,1695,6363,0,2438,0,1532,0,7138,0,1916,0,2250,0,0,6469,0,1657,0,2087
193_26,193,26,5/24/2011 12:00:00 AM,-,26,VERMONT AVENUE NW,H STREET NW,,-,True,-,Yes,5/24/2011 12:00:00 AM,38.9002143,-77.035137,06:30-09:30,15:30-18:30,827,428,312,195,515,233,0,13,0,10,0,3,0,5600,0,2977,0,2623,5214,0,2870,0,2344,0
193_27,193,27,5/19/2016 12:00:00 AM,-,27,NEW YORK AVENUE NW,H STREET NW,,-,True,-,Yes,5/19/2016 12:00:00 AM,38.9000255,-77.0303534,06:30-09:30,15:30-18:30,6768,0,1802,0,2194,0,865,5383,237,1572,294,1682,1546,3388,446,868,443,1059,2174,2582,681,726,605,795
193_28,193,28,4/13/2015 12:00:00 AM,-,28,14TH STREET NW,H STREET NW,,-,True,-,Yes,4/13/2015 12:00:00 AM,38.9002139,-77.0319079,06:30-09:30,15:30-18:30,2896,4534,1557,2464,1339,2070,4371,3290,2379,1821,1992,1469,0,3876,0,1865,0,2011,4435,2,2215,1,2220,1
193_29,193,29,5/18/2016 12:00:00 AM,-,29,17TH STREET NW,I STREET NW,,-,True,-,Yes,5/18/2016 12:00:00 AM,38.9013331,-77.0385172,06:30-09:30,15:30-18:30,6005,5735,1519,1930,1866,1590,5576,8135,1967,2042,1461,2729,9153,0,2549,0,2929,0,0,6864,0,2063,0,1937
193_30,193,30,5/18/2016 12:00:00 AM,-,30,16TH STREET NW,I STREET NW,,-,True,-,Yes,5/18/2016 12:00:00 AM,38.9013456,-77.0365417,06:30-09:30,15:30-18:30,2724,2804,983,771,609,881,2016,2057,667,612,551,539,8734,0,2452,0,2592,0,0,8613,0,2719,0,2332
193_31,193,31,4/21/2015 12:00:00 AM,-,31,17TH STREET NW,H STREET NW,,-,True,-,Yes,4/21/2015 12:00:00 AM,38.9002066,-77.0394721,06:30-09:30,15:30-18:30,1271,2537,628,1055,643,1482,2564,1255,1062,621,1502,634,1849,2019,1125,693,724,1326,1991,1864,685,1131,1306,733
193_32,193,32,6/9/2011 12:00:00 AM,-,32,15TH STREET NW,H STREET NW,,-,True,-,Yes,6/9/2011 12:00:00 AM,38.9002229,-77.0336426,06:30-09:30,15:30-18:30,0,2870,0,1496,0,1374,2783,1102,1578,495,1205,607,0,4319,0,2337,0,1982,5508,0,2750,0,2758,0
193_33,193,33,5/26/2016 12:00:00 AM,-,33,14TH STREET NW,I STREET NW,,-,True,-,Yes,5/26/2016 12:00:00 AM,38.901334,-77.0319138,06:30-09:30,15:30-18:30,7040,8037,1697,2221,2291,2907,9464,7535,2833,1711,3330,2558,7709,0,2311,0,2384,0,0,8641,0,2909,0,2540
193_34,193,34,6/15/2011 12:00:00 AM,-,34,I STREET NW,15TH STREET NW,VERMONT AVENUE NW,-,True,-,Yes,6/15/2011 12:00:00 AM,38.9013465,-77.0345887,06:30-09:30,15:30-18:30,769,1223,295,526,474,697,510,876,234,345,276,531,5163,0,2622,0,2541,0,0,4343,0,2280,0,2063
193_35,193,35,6/23/2011 12:00:00 AM,-,35,7TH STREET NW,T STREET NW,,-,True,-,Yes,6/23/2011 12:00:00 AM,38.915572,-77.021919,06:30-09:30,15:30-18:30,3032,2019,1649,808,1383,1211,2044,3085,820,1664,1224,1421,0,529,0,174,0,355,557,0,177,0,380,0
193_36,193,36,7/14/2011 12:00:00 AM,-,36,13TH STREET NW,U STREET NW,,-,True,-,Yes,7/14/2011 12:00:00 AM,38.9170202,-77.0296142,06:30-09:30,15:30-18:30,3319,2663,1476,462,688,1330,3019,3279,481,1419,1581,726,5069,4696,1871,1047,1204,1694,4500,5269,991,1891,1613,1336
193_37,193,37,7/20/2011 12:00:00 AM,-,,GEORGIA AVENUE NW,QUINCY STREET NW,,-,True,,Yes,7/20/2011 12:00:00 AM,38.9376112,-77.0244706,06:30-09:30,15:30-18:30,5929,7168,1974,2366,1855,2410,7146,6094,2375,2015,2333,1919,293,11,44,2,180,6,237,332,50,60,117,150
193_38,193,38,7/19/2011 12:00:00 AM,-,,14TH STREET NW,U STREET NW,,-,True,,Yes,7/19/2011 12:00:00 AM,38.917097,-77.031711,06:30-09:30,15:30-18:30,4286,4134,1895,1060,842,1406,4631,4212,1171,1859,1585,839,3695,3572,1759,873,613,1178,3290,3984,771,1804,1165,782
193_39,193,39,5/18/2016 12:00:00 AM,-,,15TH STREET NW,I STREET NW,,-,True,,Yes,5/18/2016 12:00:00 AM,38.9013333,-77.0336191,06:30-09:30,15:30-18:30,0,3991,0,1226,0,1098,6236,0,1939,0,1570,0,8926,0,2694,0,2670,0,0,11171,0,3407,0,3142
193_40,193,40,8/9/2011 12:00:00 AM,-,,46TH STREET NW,YUMA STREET NW,,-,True,,Yes,8/9/2011 12:00:00 AM,38.946286,-77.090611,06:30-09:30,15:30-18:30,1184,851,436,165,261,320,819,1173,160,433,309,269,422,473,106,139,125,123,493,421,135,100,133,116
193_41,193,41,9/14/2011 12:00:00 AM,-,,13TH STREET NW,KENNEDY STREET NW,,-,True,,Yes,9/14/2011 12:00:00 AM,38.9562256,-77.0296806,06:30-09:30,15:30-18:30,2302,1918,1444,486,702,1189,2099,2364,546,1514,1285,694,726,963,383,358,255,493,840,722,342,357,400,266
193_42,193,42,9/27/2011 12:00:00 AM,-,,CONNECTICUT AVENUE NW,MCKINLEY STREET NW,,-,True,,Yes,9/27/2011 12:00:00 AM,38.9649295,-77.0755976,06:30-09:30,15:30-18:30,5928,5409,3769,1663,1746,3027,5461,5902,1582,3788,3141,1704,811,687,438,169,308,450,722,924,272,441,395,409
193_43,193,43,9/21/2011 12:00:00 AM,-,,NEW HAMPSHIRE AVENUE NW,MISSOURI AVENUE NW,,-,True,,Yes,9/21/2011 12:00:00 AM,38.9551756,-77.0102957,06:30-09:30,15:30-18:30,1799,1442,924,418,670,814,2261,2737,784,1411,1199,1048,5275,4697,2558,2179,2249,2088,3896,4355,1841,2099,1690,1858
193_44,193,44,9/13/2011 12:00:00 AM,-,,GEORGIA AVENUE NW,KENNEDY STREET NW,,-,True,,Yes,9/13/2011 12:00:00 AM,38.956216,-77.028029,06:30-09:30,15:30-18:30,3829,3038,2569,960,986,1717,3228,4231,957,2856,1878,1086,1253,1025,809,328,375,587,864,880,316,507,463,312
193_45,193,45,9/21/2011 12:00:00 AM,-,,MARTIN LUTHER KING AVENUE SW,CHESAPEAKE STREET SW,,-,True,,Yes,9/21/2011 12:00:00 AM,38.828656,-77.012585,06:30-09:30,15:30-18:30,790,773,351,421,377,308,1528,1193,886,489,557,603,231,254,169,88,54,144,788,1117,310,718,406,339
193_46,193,46,10/5/2011 12:00:00 AM,-,,NORTH CAPITOL STREET NE,MISSOURI AVENUE NE,RIGGS ROAD NE,-,True,,Yes,10/5/2011 12:00:00 AM,38.9548135,-77.0090331,06:30-09:30,15:30-18:30,3759,4105,1830,2030,1504,1678,5619,3581,2747,1741,2310,1419,3255,4798,1517,2208,1441,2111,4574,4723,2103,2218,2001,2048
193_47,193,47,8/2/2012 12:00:00 AM,-,,1ST STREET SE,CHESAPEAKE STREET SE,,-,False,,Yes,8/2/2012 12:00:00 AM,38.8292055,-77.0059053,06:30-09:30,15:30-18:30,498,365,144,148,354,217,328,491,130,136,198,355,0,0,0,0,0,0,90,60,28,18,62,42
193_48,193,48,7/24/2012 12:00:00 AM,-,,2ND STREET SE,NORTH CAROLINA AVENUE SE,D STREET SE,-,False,,Yes,7/24/2012 12:00:00 AM,38.8842776,-77.0035259,06:30-09:30,15:30-18:30,435,209,197,121,238,88,154,242,89,116,65,126,0,218,0,80,0,138,260,180,118,87,142,93
193_49,193,49,5/16/2017 12:00:00 AM,-,,3RD STREET NE,A STREET NE,,-,False,,Yes,5/16/2017 12:00:00 AM,38.890936,-77.002043,06:30-09:30,15:30-18:30,7,1073,0,519,2,412,1005,9,443,1,410,4,530,216,443,60,59,128,189,433,40,346,128,55
193_50,193,50,7/24/2012 12:00:00 AM,-,,3RD STREET SE,I STREET SE,,-,False,,Yes,7/24/2012 12:00:00 AM,38.879285,-77.00204,06:30-09:30,15:30-18:30,157,858,85,230,72,628,856,154,223,103,633,51,123,74,90,21,33,53,43,93,17,61,26,32
193_51,193,51,8/7/2012 12:00:00 AM,-,,4TH STREET SE,SOUTH CAROLINA AVENUE SE,,-,False,,Yes,8/7/2012 12:00:00 AM,38.8827051,-77.0005921,06:30-09:30,15:30-18:30,1286,0,603,0,683,0,0,1096,0,514,0,582,143,132,77,39,66,93,90,291,32,159,58,132
193_52,193,52,7/24/2012 12:00:00 AM,-,,4TH STREET SE,I STREET SE,,-,False,,Yes,7/24/2012 12:00:00 AM,38.879282,-77.00058,06:30-09:30,15:30-18:30,846,0,601,0,245,0,0,751,0,532,0,219,12,81,7,27,5,54,88,114,28,77,60,37
193_53,193,53,8/7/2012 12:00:00 AM,-,,6TH STREET NE,I STREET NE,,-,False,,Yes,8/7/2012 12:00:00 AM,38.9013257,-76.998446,06:30-09:30,15:30-18:30,0,1163,0,444,0,719,1210,0,456,0,754,0,0,519,0,120,0,399,472,0,108,0,364,0
193_54,193,54,8/7/2012 12:00:00 AM,-,,11TH STREET NE,F STREET NE,,-,False,,Yes,8/7/2012 12:00:00 AM,38.8973297,-76.991527,06:30-09:30,15:30-18:30,413,486,185,168,228,318,427,535,174,216,253,319,466,0,146,0,320,0,247,532,69,190,178,342
193_55,193,55,8/8/2012 12:00:00 AM,-,,14TH STREET SE,A STREET SE,,-,False,,Yes,8/8/2012 12:00:00 AM,38.888671,-76.985511,06:30-09:30,15:30-18:30,812,0,512,0,300,0,0,816,0,507,0,309,103,90,56,23,47,67,79,88,19,57,60,31
193_56,193,56,8/2/2012 12:00:00 AM,-,,14TH STREET SE,U STREET SE,,-,False,,Yes,8/2/2012 12:00:00 AM,38.86587,-76.9852715,06:30-09:30,15:30-18:30,477,227,215,74,262,153,288,395,115,169,173,226,12,31,7,22,5,9,0,124,0,72,0,52
193_57,193,57,7/26/2012 12:00:00 AM,-,,16TH STREET SE,RIDGE PLACE SE,,-,False,,Yes,7/26/2012 12:00:00 AM,38.868846,-76.982221,06:30-09:30,15:30-18:30,59,88,17,29,42,59,132,56,50,18,82,38,21,0,12,0,9,0,0,68,0,32,0,36
193_58,193,58,8/9/2012 12:00:00 AM,-,,17TH STREET NE,EAST CAPITOL STREET NE,,-,True,,Yes,8/9/2012 12:00:00 AM,38.8898,-76.980764,06:30-09:30,15:30-18:30,1831,0,837,0,994,0,0,3032,0,1786,0,1246,2617,608,1919,162,698,446,553,1361,140,948,413,413
193_59,193,59,8/9/2012 12:00:00 AM,-,,17TH STREET SE,INDEPENDENCE AVENUE SE,,-,True,,Yes,8/9/2012 12:00:00 AM,38.887589,-76.980763,06:30-09:30,15:30-18:30,2804,0,1509,0,1295,0,0,2409,0,1439,0,970,0,3374,0,488,0,2886,2979,0,418,0,2561,0
193_60,193,60,8/7/2012 12:00:00 AM,-,,17TH STREET SE,POTOMAC AVENUE SE,,-,True,,Yes,8/7/2012 12:00:00 AM,38.882259,-76.98076,06:30-09:30,15:30-18:30,2699,0,1839,0,860,0,2089,2066,801,1390,1288,676,408,2987,287,1045,121,1942,1005,1148,290,782,715,366
193_61,193,61,8/15/2012 12:00:00 AM,-,,17TH STREET SE,MASSACHUSETTS AVENUE SE,,-,True,,Yes,8/15/2012 12:00:00 AM,38.885949,-76.980766,06:30-09:30,15:30-18:30,3048,0,2013,0,1035,0,0,3014,0,1995,0,1019,247,275,110,116,137,159,192,198,64,76,128,122
193_62,193,62,8/16/2012 12:00:00 AM,-,,19TH STREET NE,C STREET NE,,-,True,,Yes,8/16/2012 12:00:00 AM,38.8932349,-76.9772556,06:30-09:30,15:30-18:30,0,1113,0,514,0,599,900,0,305,0,595,0,4987,1972,3788,309,1199,1663,1869,4671,283,3553,1586,1118
193_63,193,63,8/8/2012 12:00:00 AM,-,,19TH STREET NE,EAST CAPITOL STREET NE,,-,True,,Yes,8/8/2012 12:00:00 AM,38.8898603,-76.9772508,06:30-09:30,15:30-18:30,0,904,0,353,0,551,1085,0,477,0,608,0,1975,589,1370,218,605,371,495,2062,137,1413,358,649
193_64,193,64,8/15/2012 12:00:00 AM,-,,19TH STREET SE,INDEPENDENCE AVENUE SE,,-,True,,Yes,8/15/2012 12:00:00 AM,38.8877208,-76.9772582,06:30-09:30,15:30-18:30,0,1313,0,495,0,818,3189,0,936,0,2253,0,94,6049,40,1216,54,4833,4079,0,735,0,3344,0
193_65,193,65,7/25/2012 12:00:00 AM,-,,44TH STREET NE,SHERIFF ROAD NE,,-,False,,Yes,7/25/2012 12:00:00 AM,38.9027871,-76.9391564,06:30-09:30,15:30-18:30,130,74,77,23,53,51,243,240,84,96,159,144,1671,1409,1083,328,588,1081,1308,1629,290,1087,1018,542
193_66,193,66,7/24/2012 12:00:00 AM,-,,54TH PLACE NE,HAYES STREET NE,,-,False,,Yes,7/24/2012 12:00:00 AM,38.899268,-76.922222,06:30-09:30,15:30-18:30,22,38,6,9,16,29,65,0,24,0,41,0,0,0,0,0,0,0,0,49,0,21,0,28
193_67,193,67,7/26/2012 12:00:00 AM,-,,46TH STREET SE,B STREET SE,BASS PLACE SE,-,False,,Yes,7/26/2012 12:00:00 AM,38.888045,-76.935678,06:30-09:30,15:30-18:30,82,97,23,21,59,76,136,110,23,19,113,91,74,74,50,35,24,39,92,103,56,77,36,26
193_68,193,68,8/7/2012 12:00:00 AM,-,,RIDGE ROAD SE,ANACOSTIA ROAD SE,,-,False,,Yes,8/7/2012 12:00:00 AM,38.888824,-76.95214,06:30-09:30,15:30-18:30,27,26,11,7,16,19,0,127,0,34,0,93,1642,950,1055,192,587,758,1019,1585,209,1042,810,543
193_69,193,69,8/21/2012 12:00:00 AM,-,,17TH STREET NE,C STREET NE,,-,True,,Yes,8/21/2012 12:00:00 AM,38.8933687,-76.9807611,06:30-09:30,15:30-18:30,2349,0,853,0,1496,0,0,2072,0,1025,0,1047,5035,1957,3921,302,1114,1655,1225,4580,141,3588,1084,992
193_70,193,70,8/21/2012 12:00:00 AM,-,,19TH STREET SE,POTOMAC AVENUE SE,,-,False,,Yes,8/21/2012 12:00:00 AM,38.8836834,-76.9772678,06:30-09:30,15:30-18:30,0,2719,0,1081,0,1638,57,0,33,0,24,0,0,0,0,0,0,0,2662,0,1048,0,1614,0
193_72,193,72,9/3/2014 12:00:00 AM,-,,ALABAMA AVENUE SE,18TH PLACE SE,,-,True,,YES,9/3/2014 12:00:00 AM,,,06:30-09:30,15:30-18:30,1197,919,1197,919,,,940,1181,940,1181,,,0,0,0,0,,,0,37,0,37,,
193_73,193,73,9/4/2014 12:00:00 AM,-,,HARTFORD STREET SE,ALABAMA AVENUE SE,,-,False,-,,9/4/2014 12:00:00 AM,38.854472,-76.969973,06:30-09:30,15:30-18:30,1535,1737,1331,1538,,,1646,1541,1447,1336,,,134,37,129,33,,,0,0,0,0,,
193_74,193,74,4/24/2015 12:00:00 AM,-,,7TH STREET NE,FRANKLIN STREET NE,,-,True,-,Yes,4/24/2015 12:00:00 AM,38.92558,-76.996157,06:30-09:30,15:30-18:30,3362,2485,2160,1065,1202,1420,1671,2668,643,1666,1028,1002,1006,810,426,535,580,275,600,676,383,346,217,330
193_75,193,75,9/10/2014 12:00:00 AM,-,,EDGEWOOD STREET NE,8 STREET NE,,-,False,-,,9/10/2014 12:00:00 AM,38.925459,-76.994982,06:30-09:30,15:30-18:30,352,0,352,0,,,209,0,209,0,,,0,0,0,0,,,0,561,0,561,,
193_76,193,76,4/23/2015 12:00:00 AM,-,,14TH STREET NW,K STREET NW,,-,True,,,4/23/2015 12:00:00 AM,38.902472,-77.031863,06:30-09:30,15:30-18:30,3528,3708,1589,1839,1939,1869,3102,3242,1541,1446,1561,1796,3320,2980,1551,1603,1769,1377,3542,3562,1820,1613,1722,1949
193_77,193,77,4/16/2015 12:00:00 AM,-,,14TH STREET NW,IRVING STREET NW,,-,True,,Yes,4/16/2015 12:00:00 AM,38.928763,-77.032632,06:30-09:30,15:30-18:30,2224,1918,1445,714,779,1204,1839,2322,695,1487,1144,835,0,2047,0,858,0,1189,2226,2,920,1,1306,1
193_78,193,78,4/8/2015 12:00:00 AM,-,,14TH STREET NW,COLUMBIA ROAD NW,,-,True,,Yes,4/8/2015 12:00:00 AM,38.927524,-77.032506,06:30-09:30,15:30-18:30,2585,2005,1475,856,1110,1149,1902,2655,797,1492,1105,1163,2287,1,984,1,1303,0,0,2113,0,907,0,1206
193_79,193,79,4/15/2015 12:00:00 AM,-,,14TH STREET NW,F STREET NW ,,-,True,,Yes,4/15/2015 12:00:00 AM,38.897352,-77.031927,06:30-09:30,15:30-18:30,3550,3949,1541,2270,2009,1679,5070,3535,2407,1543,2663,1992,870,2007,318,534,552,1473,906,905,387,306,519,599
193_80,193,80,4/21/2015 12:00:00 AM,-,,14TH STREET NW,PARK ROAD NW,,-,True,,Yes,4/21/2015 12:00:00 AM,38.930224,-77.032743,06:30-09:30,15:30-18:30,2455,1874,1549,841,906,1033,2261,2091,962,1339,1299,752,348,404,174,130,174,274,0,695,0,375,0,320
193_81,193,81,4/15/2015 12:00:00 AM,-,,14TH STREET NW,PENNSYLVANIA AVENUE NW,,-,True,,Yes,4/15/2015 12:00:00 AM,38.89553,-77.031954,06:30-09:30,15:30-18:30,3869,4545,1314,2519,2555,2026,4902,4070,2609,1282,2293,2788,1830,2105,867,1022,963,1083,1776,1657,836,803,940,854
193_82,193,82,4/22/2015 12:00:00 AM,-,,17TH STREET NW,K STREET NW,,-,True,,Yes,4/22/2015 12:00:00 AM,38.902531,-77.038488,06:30-09:30,15:30-18:30,2288,525,1308,0,980,525,465,1786,1,1039,464,747,3235,3357,1525,1660,1710,1697,3339,3659,1704,1839,1635,1820
193_83,193,83,4/16/2015 12:00:00 AM,-,,36TH STREET NW,WOODLEY ROAD NW,,-,False,,Yes,4/16/2015 12:00:00 AM,38.931748,-77.070884,06:30-09:30,15:30-18:30,670,1092,413,478,257,614,1157,826,518,519,639,307,482,368,344,170,138,198,212,235,73,181,139,54
193_84,193,84,4/22/2015 12:00:00 AM,-,,CONNECTICUT AVENUE NW,K STREET NW,,-,True,,Yes,4/22/2015 12:00:00 AM,38.902527,-77.039381,06:30-09:30,15:30-18:30,3487,653,1633,307,1854,346,3081,536,1274,192,1807,344,4276,3157,1738,1631,2538,1526,3457,9955,1719,4234,1738,5721
193_85,193,85,4/22/2015 12:00:00 AM,-,,17TH STREET NW,RHODE ISLAND AVENUE NW,,-,True,,Yes,4/22/2015 12:00:00 AM,38.906505,-77.038515,06:30-09:30,15:30-18:30,741,4797,294,2660,447,2137,4784,1768,2807,543,1977,1225,3309,1322,1524,36,1785,1286,1001,1948,0,1386,1001,562
193_86,193,86,4/15/2015 12:00:00 AM,-,,14TH STREET NW,G STREET NW,,-,True,,Yes,4/15/2015 12:00:00 AM,38.898314,-77.031906,06:30-09:30,15:30-18:30,534,781,215,323,319,458,986,1089,398,626,588,463,4003,4368,1787,2347,2216,2021,4500,3785,2475,1579,2025,2206
193_87,193,87,4/8/2015 12:00:00 AM,-,,MARTIN LUTHER KING AVENUE SE,STANTON ROAD SE,,-,False,,Yes,4/8/2015 12:00:00 AM,38.859268,-76.995192,06:30-09:30,15:30-18:30,2427,2897,915,1749,1512,1148,2986,2201,1812,857,1174,1344,775,539,318,171,457,368,35,586,16,284,19,302
193_88,193,88,4/24/2015 12:00:00 AM,-,,19TH STREET NW,L STREET NW,,-,True,,Yes,4/24/2015 12:00:00 AM,38.90375,-77.04345,06:30-09:30,15:30-18:30,3650,0,1583,0,2067,0,0,3389,0,1409,0,1980,0,4531,0,2462,0,2069,4317,47,2302,14,2015,33
193_89,193,89,4/16/2015 12:00:00 AM,-,,GEORGIA AVENUE NW,NEW HAMPSHIRE AVENUE NW,,-,True,,Yes,4/16/2015 12:00:00 AM,38.936429,-77.024288,06:30-09:30,15:30-18:30,4433,3169,2719,1126,1714,2043,3464,4005,1228,2429,2236,1576,3623,1906,2198,574,1425,1332,1875,4315,540,2556,1335,1759
193_90,193,90,4/23/2015 12:00:00 AM,-,,12TH STREET NW ,MASSACHUSETTS AVENUE NW,,-,True,,NO,4/23/2015 12:00:00 AM,38.904292,-77.028097,06:30-09:30,15:30-18:30,0,2060,0,696,0,1364,4262,0,1635,0,2627,0,3717,4079,2111,1853,1606,2226,4107,5947,1870,3067,2237,2880
193_91,193,91,4/8/2015 12:00:00 AM,-,,BRENTWOOD ROAD NE,W STREET NE,,-,False,,Yes,4/8/2015 12:00:00 AM,38.919261,-76.99134,06:30-09:30,15:30-18:30,4167,4051,2250,1708,1917,2343,4772,4791,2158,2481,2614,2310,362,317,209,242,153,75,1185,1327,428,614,757,713
193_92,193,92,5/19/2016 12:00:00 AM,-,,14TH STREET NW,NEW YORK AVENUE NW,,-,True,,Yes,5/19/2016 12:00:00 AM,38.899408,-77.031884,06:30-09:30,15:30-18:30,8615,7790,2039,2377,2751,2517,8338,8640,2611,1933,2587,2694,2584,2173,599,675,801,573,1181,2115,284,548,357,712
193_93,193,93,4/21/2015 12:00:00 AM,-,,36TH STREET NW,LOWELL STREET NW,,-,False,,Yes,4/21/2015 12:00:00 AM,38.932532,-77.070884,06:30-09:30,15:30-18:30,296,305,127,94,169,211,331,409,104,228,227,181,354,276,284,169,70,107,299,290,204,228,95,62
193_94,193,94,5/5/2015 12:00:00 AM,-,,9TH STREET SE,NORTH CAROLINA AVENUE SE,,-,False,,,5/5/2015 12:00:00 AM,38.888402,-76.993754,06:30-09:30,15:30-18:30,455,350,178,193,277,157,278,349,157,124,121,225,1095,601,811,158,284,443,665,1193,196,867,469,326
193_95,193,95,4/18/2013 12:00:00 AM,-,,11TH STREET NW,COLUMBIA ROAD NW,,-,True,,Yes,4/18/2013 12:00:00 AM,,,06:30-09:30,15:30-18:30,514,164,514,164,,,157,615,157,615,,,615,0,615,0,,,0,507,0,507,,
193_96,193,96,12/15/2015 12:00:00 AM,-,,46TH STREET NE,HUNTS PLACE NE,,-,False,,Yes,12/15/2015 12:00:00 AM,38.900643,-76.936558,06:30-09:30,15:30-18:30,78,61,35,33,35,20,38,71,14,35,17,30,35,22,15,6,16,10,38,35,19,9,14,22
193_97,193,97,12/15/2015 12:00:00 AM,-,,FIRST STREET NW,RANDOLPH PLACE NW,,-,False,,Yes,12/15/2015 12:00:00 AM,38.913325,-77.012142,06:30-09:30,15:30-18:30,762,1149,252,529,394,464,912,657,432,223,360,324,121,161,48,67,48,74,343,171,137,50,154,94
193_98,193,98,12/16/2015 12:00:00 AM,-,,VAN NESS STREET NW,NEBRASKA AVENUE NW,,-,True,,Yes,12/16/2015 12:00:00 AM,38.943163,-77.081408,06:30-09:30,15:30-18:30,3473,3518,1683,1246,1230,1732,4946,4350,2069,1897,2125,1739,2097,2392,540,1340,1183,706,1187,1443,643,452,376,737
193_99,193,99,12/15/2015 12:00:00 AM,-,,NORTH CAPITOL STREET NW,S STREET NW,,-,False,,Yes,12/15/2015 12:00:00 AM,38.914068,-77.009154,06:30-09:30,15:30-18:30,9222,0,3215,0,4541,0,0,9262,0,3225,0,4563,0,0,0,0,0,0,77,37,27,17,40,18
193_100,193,100,12/15/2015 12:00:00 AM,-,,NORTH CAPITOL STREET NE,S STREET NE,,-,False,,Yes,12/15/2015 12:00:00 AM,38.914051,-77.008913,06:30-09:30,15:30-18:30,0,9538,0,4566,0,3578,10166,0,4954,0,3759,0,22,650,3,391,14,195,0,0,0,0,0,0
193_101,193,101,12/15/2015 12:00:00 AM,-,,NORTH CAPITOL STREET NW,RANDOLPH PLACE NW,,-,True,,Yes,12/15/2015 12:00:00 AM,38.913333,-77.00902,06:30-09:30,15:30-18:30,8030,7501,4161,2589,3037,4057,7505,7739,2591,4063,4059,2882,0,216,0,58,0,131,158,237,51,93,93,119
193_102,193,102,12/16/2015 12:00:00 AM,-,,NEBRASKA AVENUE NW,42ND STREET NW,,-,False,,Yes,12/16/2015 12:00:00 AM,38.942524,-77.081976,06:30-09:30,15:30-18:30,4476,4410,1929,1909,1891,1891,4993,5403,2119,2316,2122,2290,0,0,0,0,0,0,938,594,393,216,402,234
193_103,193,103,12/28/2015 12:00:00 AM,-,,EASTERN AVENUE NE,BUNKER HILL ROAD NE,,-,False,,Yes,12/28/2015 12:00:00 AM,38.937872,-76.966883,06:30-09:30,15:30-18:30,3758,3399,834,732,1358,1157,3853,4145,861,927,1257,1460,336,389,117,62,97,194,723,737,138,229,286,187
193_104,193,104,1/6/2016 12:00:00 AM,-,,VAN NESS STREET NW,42ND STREET NW,,-,False,,Yes,1/6/2016 12:00:00 AM,38.943155,-77.082051,06:30-09:30,15:30-18:30,834,903,286,359,453,425,582,891,212,335,262,456,1388,1012,456,582,792,336,1001,999,595,273,306,596
193_105,193,105,1/12/2016 12:00:00 AM,-,,KENNEDY STREET NW,4TH STREET NW,,-,False,,Yes,1/12/2016 12:00:00 AM,38.95648,-77.017796,06:30-09:30,15:30-18:30,0,275,0,60,0,115,376,0,95,0,146,0,1946,1967,642,416,558,759,1923,2003,392,653,762,592
193_106,193,106,4/4/2017 12:00:00 AM,-,,BLAIR ROAD NE,MADISON STREET NE,,-,False,,Yes,4/4/2017 12:00:00 AM,38.958707,-77.00858,06:30-09:30,15:30-18:30,0,1225,0,457,0,606,1078,528,384,278,546,187,752,87,378,25,260,56,591,581,292,294,233,190
193_107,193,107,1/18/2016 12:00:00 AM,-,,14TH STREET NW,MADISON STREET NW,,-,False,,Yes,1/18/2016 12:00:00 AM,38.958332,-77.033407,06:30-09:30,15:30-18:30,2820,2710,1122,654,884,1183,2498,2730,550,1100,1119,841,475,291,216,80,145,126,149,211,37,91,57,55
193_108,193,108,1/19/2016 12:00:00 AM,-,,NEW HAMPSHIRE AVENUE NW,TAYLOR STREET NW,,-,False,,Yes,1/19/2016 12:00:00 AM,38.940931,-77.020908,06:30-09:30,15:30-18:30,4465,4317,1894,907,1202,1896,4289,4326,909,1862,1898,1170,145,460,56,93,39,191,481,277,87,84,192,74
193_109,193,109,2/3/2016 12:00:00 AM,-,,KENNEDY STREET NW,8TH STREET NW,,-,False,,Yes,2/3/2016 12:00:00 AM,38.956338,-77.02404,06:30-09:30,15:30-18:30,325,294,119,49,102,155,305,424,51,173,128,134,2184,2133,718,448,671,858,2137,2100,454,672,886,640
193_110,193,110,5/16/2017 12:00:00 AM,-,,WEBSTER STREET NW,5TH STREET NW,,-,False,,Yes,5/16/2017 12:00:00 AM,38.944173,-77.019298,06:30-09:30,15:30-18:30,1369,990,888,230,359,657,961,1338,225,874,638,345,256,142,110,76,108,53,148,264,81,124,53,103
193_111,193,111,2/4/2016 12:00:00 AM,-,,13TH STREET NW,EMERSON STREET NW,,-,False,,Yes,2/4/2016 12:00:00 AM,38.949738,-77.029684,06:30-09:30,15:30-18:30,2326,2250,1317,499,720,1459,2232,2426,497,1373,1438,762,486,369,244,132,195,178,497,496,184,238,246,200
193_112,193,112,2/4/2016 12:00:00 AM,-,,NEVADA AVENUE NW,QUESADA STREET NW,,-,False,,Yes,2/4/2016 12:00:00 AM,38.968643,-77.072739,06:30-09:30,15:30-18:30,787,908,464,303,237,497,766,948,201,544,464,305,295,144,173,67,104,65,154,2,76,0,63,1
193_113,193,113,2/4/2016 12:00:00 AM,-,,ELLICOTT STREET NW,48TH STREET NW,,-,False,,Yes,2/4/2016 12:00:00 AM,38.953334,-77.094336,06:30-09:30,15:30-18:30,94,110,43,41,39,56,101,104,44,40,46,53,152,170,68,78,66,70,135,98,47,43,69,41
193_114,193,114,2/4/2016 12:00:00 AM,-,,FESSENDEN STREET NW,BROAD  BRANCH TERRACE NW,,-,False,,Yes,2/4/2016 12:00:00 AM,38.954611,-77.06565,06:30-09:30,15:30-18:30,77,32,56,11,18,16,0,1,0,1,0,0,203,210,93,92,77,93,154,191,44,89,87,73
193_115,193,115,2/4/2016 12:00:00 AM,-,,FESSENDEN STREET NW,32ND STREET NW,,-,False,,Yes,2/4/2016 12:00:00 AM,38.954202,-77.065164,06:30-09:30,15:30-18:30,0,0,0,0,0,0,67,105,26,61,33,39,229,111,133,29,74,62,173,253,63,132,86,92
193_116,193,116,1/19/2016 12:00:00 AM,-,,SOUTH DAKOTA AVENUE NE,RIGGS ROAD NE,3RD STREET NE,-,True,,Yes,1/19/2016 12:00:00 AM,38.956889,-77.002336,06:30-09:30,15:30-18:30,2761,3220,653,658,1108,1449,6917,6447,1741,1509,2689,2472,6837,8064,1777,1252,2366,3523,11678,10462,2091,2843,4941,3660
193_117,193,117,2/14/2016 12:00:00 AM,-,,WOODLEY ROAD NW,27TH STREET NW,,-,False,,Yes,2/14/2016 12:00:00 AM,38.925872,-77.055337,06:30-09:30,15:30-18:30,308,0,165,0,94,0,120,112,43,26,55,64,577,701,248,334,251,237,503,695,229,325,178,277
193_118,193,118,2/4/2016 12:00:00 AM,-,,Q STREET NW,29TH STREET NW,,-,False,,Yes,2/4/2016 12:00:00 AM,38.910528,-77.058201,06:30-09:30,15:30-18:30,145,482,61,173,45,200,953,327,386,117,336,126,1880,2667,662,1028,696,828,2349,1851,868,659,759,682
193_119,193,119,2/9/2016 12:00:00 AM,-,,IDAHO AVENUE NW,ORDWAY STREET NW,,-,False,,Yes,2/9/2016 12:00:00 AM,38.936313,-77.072997,06:30-09:30,15:30-18:30,0,925,0,452,0,409,1081,0,568,0,447,0,71,229,22,140,45,83,2,0,2,0,0,0
193_120,193,120,2/4/2016 12:00:00 AM,-,,WYOMING AVENUE NW,CONNECTICUT AVENUE NW,,-,False,,Yes,2/4/2016 12:00:00 AM,38.917725,-77.047237,06:30-09:30,15:30-18:30,7892,6693,2716,1553,2456,2986,6700,7909,1531,2733,2986,2428,509,602,236,146,102,212,544,441,102,153,181,99
193_121,193,121,2/11/2016 12:00:00 AM,-,,ARKANSAS AVENUE NW,FARRAGUT STREET NW,,-,False,,Yes,2/11/2016 12:00:00 AM,38.950799,-77.028054,06:30-09:30,15:30-18:30,1223,1219,754,314,342,740,1363,1317,339,800,840,374,221,214,121,60,73,128,87,144,37,77,38,51
193_122,193,122,2/11/2016 12:00:00 AM,-,,7TH STREET NW,TAYLOR STREET NW,,-,False,,Yes,2/11/2016 12:00:00 AM,38.940919,-77.021563,06:30-09:30,15:30-18:30,0,997,0,271,0,649,1004,0,287,0,641,0,197,325,105,94,71,200,382,261,107,134,239,102
193_123,193,123,1/5/2016 12:00:00 AM,-,,RITTENHOUSE STREET NW,3RD STREET NW,,-,False,,Yes,1/5/2016 12:00:00 AM,38.964956,-77.016176,06:30-09:30,15:30-18:30,695,603,386,180,238,326,593,653,188,370,313,217,263,262,109,94,119,133,323,356,125,164,159,153
193_124,193,124,5/12/2016 12:00:00 AM,-,,14TH STREET NW,DELAFIELD PLACE NW,,-,False,,Yes,5/12/2016 12:00:00 AM,38.948963,-77.03271,06:30-09:30,15:30-18:30,5666,6706,3349,0,49,4533,12880,11018,0,6752,7519,79,6087,6911,3403,0,584,3540,2,0,0,0,0,0
193_125,193,125,2/11/2016 12:00:00 AM,-,,KANSAS AVENUE NW,QUINCY STREET NW,,-,False,,Yes,2/11/2016 12:00:00 AM,38.937581,-77.029063,06:30-09:30,15:30-18:30,1316,877,710,266,422,475,871,1230,262,670,469,388,334,295,168,141,124,109,197,316,97,160,76,119
193_126,193,126,2/11/2016 12:00:00 AM,-,,NEW HAMPSHIRE AVENUE NW,INGRAHAM STREET NW,,-,False,,Yes,2/11/2016 12:00:00 AM,38.95457,-77.010727,06:30-09:30,15:30-18:30,2995,2984,1339,953,1190,1552,2812,2869,910,1289,1454,1128,154,1,83,0,49,0,156,263,34,124,95,108
193_127,193,127,2/11/2016 12:00:00 AM,-,,9TH STREET NW,QUACKENBOS STREET NW,,-,False,,Yes,2/11/2016 12:00:00 AM,38.963772,-77.025962,06:30-09:30,15:30-18:30,359,608,154,217,157,294,656,482,225,199,329,204,368,370,184,112,135,211,486,409,144,179,265,177
193_128,193,128,2/17/2016 12:00:00 AM,-,,39TH STREET NW,ALTON PLACE NW,,-,False,,Yes,2/17/2016 12:00:00 AM,38.947077,-77.077063,06:30-09:30,15:30-18:30,1,658,0,153,1,415,697,1,162,1,441,0,49,108,17,32,21,66,87,67,27,20,54,36
193_129,193,129,2/18/2016 12:00:00 AM,-,,12 STREET SE,G STREET SE,,-,False,,Yes,2/18/2016 12:00:00 AM,38.881269,-76.990245,06:30-09:30,15:30-18:30,531,1255,121,313,194,568,561,675,137,171,223,285,267,0,62,0,102,0,878,307,217,53,456,122
193_130,193,130,2/17/2016 12:00:00 AM,-,,46TH STREET NW,DAVENPORT STREET NW,,-,False,,Yes,2/17/2016 12:00:00 AM,38.952134,-77.090603,06:30-09:30,15:30-18:30,810,573,413,194,289,290,571,810,190,412,292,287,73,62,27,29,33,24,57,66,24,19,23,36
193_131,193,131,2/17/2016 12:00:00 AM,-,,MONROE STREET NE,8TH STREET NE,,-,False,,Yes,2/17/2016 12:00:00 AM,38.932382,-76.994998,06:30-09:30,15:30-18:30,0,0,0,0,0,0,1076,815,243,338,478,200,3920,4481,1541,897,980,1941,3856,3556,793,1342,1578,895
193_132,193,132,2/26/2016 12:00:00 AM,-,,CALVERT STREET NW,28TH STREET NW,,-,False,,Yes,2/26/2016 12:00:00 AM,38.923288,-77.056094,06:30-09:30,15:30-18:30,0,0,0,0,0,0,230,171,88,88,111,60,2609,3080,963,1677,1358,1026,2943,2531,1627,913,952,1335
193_133,193,133,2/25/2016 12:00:00 AM,-,,MINNESOTA AVENUE SE,19TH STREET SE,,-,False,,Yes,2/25/2016 12:00:00 AM,38.87017,-76.97735,06:30-09:30,15:30-18:30,142,327,46,131,69,151,151,94,76,23,55,44,2032,2336,772,795,905,1207,2259,1827,757,702,1182,809
193_134,193,134,2/25/2016 12:00:00 AM,-,,19TH STREET SE,R STREET SE,,-,False,,Yes,2/25/2016 12:00:00 AM,38.869468,-76.97736,06:30-09:30,15:30-18:30,92,137,24,72,44,50,84,105,39,26,32,59,375,180,213,53,130,101,161,290,45,170,93,89
193_135,193,135,2/25/2016 12:00:00 AM,-,,SAVANNAH TERRACE SE,22ND STREET SE,,-,False,,Yes,2/25/2016 12:00:00 AM,,,06:30-09:30,15:30-18:30,484,463,150,196,264,202,89,89,31,24,50,52,0,0,0,0,0,0,437,458,185,146,186,246
193_136,193,136,3/2/2016 12:00:00 AM,-,,SOUTHERN AVENUE SE,9TH STREET SE,,-,False,,Yes,3/2/2016 12:00:00 AM,38.830832,-76.989012,06:30-09:30,15:30-18:30,2738,3343,920,1483,1388,1433,3375,2855,1580,920,1362,1494,0,0,0,0,0,0,468,383,95,192,309,132
193_137,193,137,3/10/2016 12:00:00 AM,-,,ALABAMA AVENUE SE,15TH STREET SE,,-,False,,Yes,3/10/2016 12:00:00 AM,,,06:30-09:30,15:30-18:30,0,1,0,0,0,1,761,765,290,278,374,416,4108,4106,1764,1283,1898,2347,3484,3481,1044,1537,2040,1548
193_138,193,138,3/9/2016 12:00:00 AM,-,,WISCONSIN AVENUE NW,K STREET NW,,-,False,,Yes,3/9/2016 12:00:00 AM,38.902568,-77.062756,06:30-09:30,15:30-18:30,2142,1378,1051,456,790,662,0,1,0,0,0,1,1771,2119,737,914,737,863,1267,1682,312,730,695,696
193_139,193,139,3/14/2016 12:00:00 AM,-,,BRANDYWINE STREET SE,SOUTH CAPITOL STREET SE,,-,False,,Yes,3/14/2016 12:00:00 AM,,,06:30-09:30,15:30-18:30,4940,3879,832,2516,3334,981,3828,4682,2503,803,953,3122,112,319,45,61,46,230,0,0,0,0,0,0
193_140,193,140,3/15/2016 12:00:00 AM,-,,SOUTH CAPITOL STREET SE,DANBURY STREET SE,,-,False,,Yes,3/15/2016 12:00:00 AM,38.82779,-77.007658,06:30-09:30,15:30-18:30,5806,5338,762,2730,2966,887,5151,5966,2708,807,831,2994,134,305,39,92,44,117,709,191,211,91,200,43
193_141,193,141,3/18/2016 12:00:00 AM,-,,8 STREET NE,D STREET NE,,-,False,,Yes,3/18/2016 12:00:00 AM,38.894765,-76.99496,06:30-09:30,15:30-18:30,1669,1405,764,669,682,548,1463,1415,685,684,578,521,0,959,0,312,0,523,647,0,216,0,332,0
193_142,193,142,3/23/2016 12:00:00 AM,-,,RHODE ISLAND AVENUE NE,REED STREET NE,WASHINGTON PLACE NE,-,True,,Yes,3/23/2016 12:00:00 AM,38.921994,-76.993909,06:30-09:30,15:30-18:30,368,384,186,205,154,144,2182,2315,942,1218,1009,882,6527,4996,4300,1780,1733,2829,5416,6798,2032,4257,2947,1988
193_143,193,143,3/17/2016 12:00:00 AM,-,,NORTH CAPITOL STREET NW,E STREET NE,,-,False,,Yes,3/17/2016 12:00:00 AM,38.896135,-77.009053,06:30-09:30,15:30-18:30,3501,3837,1415,1495,1524,1717,2907,3086,1257,1059,1194,1551,1819,1075,707,310,822,596,2173,2402,562,1077,1253,929
193_144,193,144,1/26/2017 12:00:00 AM,-,,MASSACHUSETTS AVENUE NE,10TH STREET NE,,-,False,,Yes,1/26/2017 12:00:00 AM,38.890791,-76.99266,06:30-09:30,15:30-18:30,986,1162,310,307,361,444,1094,1094,305,320,397,433,1821,2005,956,364,369,941,2174,1814,382,962,1054,363
193_145,193,145,4/6/2016 12:00:00 AM,-,,ALLISON STREET NE,12TH STREET NE,,-,False,,Yes,4/6/2016 12:00:00 AM,38.945249,-76.990255,06:30-09:30,15:30-18:30,1748,1548,985,432,576,919,1583,2107,479,1151,875,729,913,801,606,183,194,517,1240,1028,364,668,723,203
193_146,193,146,4/6/2016 12:00:00 AM,-,,MASSACHUSETTS AVENUE NW,OBSERVATORY CIRCLE NW,,-,False,,Yes,4/6/2016 12:00:00 AM,38.924431,-77.067208,06:30-09:30,15:30-18:30,0,6,0,0,0,6,1250,1108,450,116,367,524,6673,6947,1649,3341,3232,1743,5824,5686,2922,1564,1450,2776
193_147,193,147,4/6/2016 12:00:00 AM,-,,MASSACHUSETTS AVENUE NW,34TH PLACE NW,,-,False,,Yes,4/6/2016 12:00:00 AM,38.924569,-77.067562,06:30-09:30,15:30-18:30,82,66,19,22,52,30,1,0,0,0,1,0,5889,5800,1610,2924,2951,1452,5751,5857,2916,1599,1417,2939
193_148,193,148,4/6/2016 12:00:00 AM,-,,MASSACHUSETTS AVENUE NE,EDMUNDS STREET NW,,-,False,,Yes,4/6/2016 12:00:00 AM,38.924753,-77.067895,06:30-09:30,15:30-18:30,5713,5654,2886,1520,1366,2837,5766,5711,1530,2887,2901,1362,0,0,0,0,0,0,14,128,6,15,3,71
193_149,193,149,4/6/2016 12:00:00 AM,-,,MASSACHUSETTS AVENUE NW,35TH STREET NW,,-,False,,Yes,4/6/2016 12:00:00 AM,38.925324,-77.068683,06:30-09:30,15:30-18:30,46,65,19,30,19,24,0,0,0,0,0,0,5644,5739,1521,2923,2816,1365,5732,5618,2929,1516,1357,2803
193_151,193,151,4/6/2016 12:00:00 AM,-,,MASSACHUSETTS AVENUE NW,36TH STREET NW,,-,False,,Yes,4/6/2016 12:00:00 AM,38.926914,-77.070861,06:30-09:30,15:30-18:30,0,554,0,218,0,205,38,141,21,69,8,42,5796,5609,1615,2735,2796,1413,6131,5661,2933,1547,1605,2749
193_152,193,152,4/15/2016 12:00:00 AM,-,,SAVANNAH STREET SE,RIDGECREST COURT SE,,-,False,,Yes,4/15/2016 12:00:00 AM,38.846652,-76.975847,06:30-09:30,15:30-18:30,286,283,115,83,135,150,0,0,0,0,0,0,661,470,320,161,247,242,562,756,190,381,292,282
193_153,193,153,3/30/2016 12:00:00 AM,-,,FORDMAN ROAD NW,RODMAN STREET NW,,-,False,,Yes,3/30/2016 12:00:00 AM,,,06:30-09:30,15:30-18:30,101,73,49,45,39,18,78,102,50,43,18,44,26,30,8,19,12,7,0,0,0,0,0,0
193_154,193,154,5/13/2016 12:00:00 AM,-,,18TH STREET NW,SWANN STREET NW,,-,False,,Yes,5/13/2016 12:00:00 AM,,,06:30-09:30,15:30-18:30,1786,1447,836,388,652,789,1454,1704,380,812,796,611,215,0,77,0,90,0,0,304,0,93,0,138
193_155,193,155,5/12/2016 12:00:00 AM,-,,CATHEDRAL AVENUE NW,WOODLEY ROAD NW,,-,False,,Yes,5/12/2016 12:00:00 AM,38.925237,-77.050166,06:30-09:30,15:30-18:30,1935,2338,1469,53,117,1427,2623,2276,20,1636,1556,177,0,1,0,1,0,0,550,493,221,20,136,205
193_156,193,156,5/12/2016 12:00:00 AM,-,,SHOREHAM DRIVE NW,CATHEDRAL AVENUE NW,,-,False,,Yes,5/12/2016 12:00:00 AM,38.921932,-77.051271,06:30-09:30,15:30-18:30,3771,3408,1638,365,456,1714,5837,5796,574,3004,3210,623,2095,2499,1380,223,186,1515,0,0,0,0,0,0
193_157,193,157,5/12/2016 12:00:00 AM,-,,PENNSYLVANIA AVENUE NW,ROCK CREEK AND POTOMAC PKWY NW,,-,False,,Yes,5/12/2016 12:00:00 AM,38.904793,-77.056679,06:30-09:30,15:30-18:30,0,0,0,0,0,0,1100,1,649,1,3,0,3816,8153,781,2685,1354,2024,7054,3816,2037,781,2021,1354
193_158,193,158,5/12/2016 12:00:00 AM,-,,PINEY BRANCH PKWY NW,BEACH DRIVE NW,,-,False,,Yes,5/12/2016 12:00:00 AM,38.935086,-77.04757,06:30-09:30,15:30-18:30,3200,3578,1510,161,532,1917,7061,6278,355,3061,3680,942,3718,4123,1683,326,677,2030,0,0,0,0,0,0
193_159,193,159,5/12/2016 12:00:00 AM,-,,P STREET NW,ROCK CREEK AND POTOMAC PKWY NW,,-,False,,Yes,5/12/2016 12:00:00 AM,38.909644,-77.052441,06:30-09:30,15:30-18:30,0,0,0,0,0,0,1758,1942,812,905,247,29,3199,4088,1020,1301,781,1253,3299,2226,921,547,1134,880
193_160,193,160,5/12/2016 12:00:00 AM,-,,SHOREHAM DRIVE NW,BEACH DRIVE NW,,-,False,,Yes,5/12/2016 12:00:00 AM,38.921448,-77.051175,06:30-09:30,15:30-18:30,5666,6706,3349,0,49,4533,12880,11018,0,6752,7519,79,6087,6911,3403,0,584,3540,2,0,0,0,0,0
193_161,193,161,5/12/2016 12:00:00 AM,-,,24TH STREET NW,CALVERT STREET NW,SHOREHAM DRIVE NW,-,False,,Yes,5/12/2016 12:00:00 AM,38.923476,-77.052612,06:30-09:30,15:30-18:30,1803,1212,695,89,322,556,3018,3441,10,1653,1713,81,4472,5609,1639,1236,1052,2512,4835,3866,1632,998,1457,1395
193_162,193,162,5/12/2016 12:00:00 AM,-,,PORTER STREET NW,BEACH DRIVE NW,,-,False,,Yes,5/12/2016 12:00:00 AM,38.933884,-77.048492,06:30-09:30,15:30-18:30,6329,7093,3004,354,1009,3934,5838,5661,19,3055,3197,583,0,0,0,0,0,0,1977,1390,737,351,790,479
193_163,193,163,5/18/2016 12:00:00 AM,-,,I STREET NW,19TH STREET NW,,-,True,,Yes,5/18/2016 12:00:00 AM,38.901337,-77.04345,06:30-09:30,15:30-18:30,5821,0,1295,0,2427,0,0,7881,0,1792,0,3244,6464,0,1642,0,2162,0,0,4404,0,1145,0,1345
193_164,193,164,5/18/2016 12:00:00 AM,-,,I STREET NW,20TH STREET NW,,-,True,,Yes,5/18/2016 12:00:00 AM,38.901312,-77.04492,06:30-09:30,15:30-18:30,0,7037,0,2817,0,1592,5904,0,2407,0,1319,0,4401,0,1154,0,1384,0,0,3268,0,744,0,1111
193_165,193,165,5/18/2016 12:00:00 AM,-,,I STREET NW,15TH STREET NW,VERMONT AVENUE NW,-,True,,Yes,5/18/2016 12:00:00 AM,38.901337,-77.034577,06:30-09:30,15:30-18:30,1535,3344,268,1035,588,1114,1426,1756,456,353,529,600,11170,0,3404,0,3162,0,0,9031,0,2740,0,2565
193_166,193,166,5/18/2016 12:00:00 AM,-,,17TH STREET NW,I STREET NW,CONNECTICUT AVENUE NW,-,True,,Yes,5/18/2016 12:00:00 AM,38.901354,-77.038515,06:30-09:30,15:30-18:30,2459,965,740,5,763,480,756,1522,1,450,429,386,8425,0,2401,0,2821,0,0,9153,0,2687,0,3147
193_167,193,167,5/19/2016 12:00:00 AM,-,,NEW YORK AVENUE NW,15TH STREET NW,,-,True,,Yes,5/19/2016 12:00:00 AM,38.898824,-77.033622,06:30-09:30,15:30-18:30,2470,5992,491,1820,773,1360,6088,3501,1930,666,1348,1262,2115,1180,407,342,821,320,0,0,0,0,0,0
193_168,193,168,5/19/2016 12:00:00 AM,-,,13TH STREET NW,I STREET NW,,-,True,,Yes,5/19/2016 12:00:00 AM,38.901287,-77.029588,06:30-09:30,15:30-18:30,6686,5106,2105,1064,2034,1960,5869,6077,1223,1818,2124,1934,5908,0,1655,0,1817,0,0,7280,0,2101,0,2081
193_169,193,169,5/19/2016 12:00:00 AM,-,,12TH STREET NW,I STREET NW,,-,True,,Yes,5/19/2016 12:00:00 AM,38.901303,-77.028097,06:30-09:30,15:30-18:30,0,8513,0,2617,0,2785,8962,0,2781,0,2892,0,5657,1,1834,0,1507,0,0,6105,0,1998,0,1614
193_170,193,170,6/14/2016 12:00:00 AM,-,,WISCONSIN AVENUE NW,M STREET NW,,-,True,,Yes,6/14/2016 12:00:00 AM,,,06:30-09:30,15:30-18:30,4159,4135,1250,1242,1257,1118,2424,3149,479,1071,980,723,5539,6333,1306,2473,1603,1364,7936,6441,3073,1322,1660,2295
193_171,193,171,5/19/2016 12:00:00 AM,-,,12TH STREET NW,NEW YORK AVENUE NW,,-,True,,Yes,5/19/2016 12:00:00 AM,38.900769,-77.028065,06:30-09:30,15:30-18:30,0,9206,0,2861,0,2974,9554,0,2840,0,3174,0,1664,4266,461,921,463,1389,3941,1687,933,452,1198,472
193_172,193,172,5/19/2016 12:00:00 AM,-,,11TH STREET NW,NEW YORK AVENUE NW,,-,True,,Yes,5/19/2016 12:00:00 AM,38.901145,-77.027056,06:30-09:30,15:30-18:30,4230,3425,1078,779,1528,1141,4034,3688,887,975,1347,1378,1222,5004,392,1046,309,1627,4060,1429,884,441,1328,366
193_173,193,173,5/19/2016 12:00:00 AM,-,,11TH STREET NW,I STREET NW,,-,True,,Yes,5/19/2016 12:00:00 AM,38.901362,-77.027056,06:30-09:30,15:30-18:30,5333,3800,1373,904,1894,1199,3745,4505,835,1112,1235,1675,4881,0,1630,0,1269,0,0,5654,0,1822,0,1524
193_174,193,174,5/19/2016 12:00:00 AM,-,,10TH STREET NW,NEW YORK AVENUE NW,,-,True,,Yes,5/19/2016 12:00:00 AM,38.901454,-77.025994,06:30-09:30,15:30-18:30,4577,0,1116,0,1613,0,940,2395,186,642,338,819,4968,5997,1759,1237,1179,2118,4136,6229,895,2077,1422,1615
193_175,193,175,6/8/2016 12:00:00 AM,-,,11TH STREET NW,GIRARD STREET NW,,-,False,,Yes,6/8/2016 12:00:00 AM,,,06:30-09:30,15:30-18:30,2597,1957,1577,462,680,1224,1972,2310,484,1339,1214,663,558,226,254,58,221,130,267,901,56,512,165,263
193_176,193,176,6/9/2016 12:00:00 AM,-,,RENO ROAD NW,CHEVY CHASE PKWY NW,,-,False,,Yes,6/9/2016 12:00:00 AM,,,06:30-09:30,15:30-18:30,411,337,227,36,118,247,117,141,9,95,83,30,2333,2104,738,872,1239,884,1852,2131,749,720,803,1082
193_177,193,177,6/21/2016 12:00:00 AM,-,,FESSENDEN STREET NW,46TH STREET NW,,-,False,,Yes,6/21/2016 12:00:00 AM,38.954712,-77.090592,06:30-09:30,15:30-18:30,731,664,351,254,286,302,608,756,227,364,283,295,158,126,80,65,55,38,199,150,105,80,57,46
193_178,193,178,6/15/2016 12:00:00 AM,-,,RENO ROAD NW,JENIFER STREET NW,,-,False,,Yes,6/15/2016 12:00:00 AM,38.95905,-77.078147,06:30-09:30,15:30-18:30,267,185,42,79,112,48,177,121,74,17,41,49,1836,2067,513,425,499,716,2065,1972,427,535,720,559
193_179,193,179,9/14/2016 12:00:00 AM,-,,CHESAPEAKE STREET NW,41ST STREET NW,,-,False,,Yes,9/14/2016 12:00:00 AM,38.950699,-77.080314,06:30-09:30,15:30-18:30,10,649,5,234,3,322,416,7,132,6,229,1,412,182,163,60,184,93,0,0,0,0,0,0
193_180,193,180,6/9/2016 12:00:00 AM,-,,OHIO DRIVE SW,INDEPENDENCE AVENUE SW,,-,True,,Yes,6/9/2016 12:00:00 AM,38.887041,-77.050166,06:30-09:30,15:30-18:30,4539,544,911,51,2419,224,1320,1084,324,151,413,408,12276,11230,3397,5686,3806,1487,8353,13630,4885,3629,42,4561
193_181,193,181,6/9/2016 12:00:00 AM,-,,V STREET NW,8TH STREET NW,,-,False,,Yes,6/9/2016 12:00:00 AM,38.917775,-77.022936,06:30-09:30,15:30-18:30,560,414,236,110,152,134,597,507,123,183,241,155,2071,793,656,148,647,330,643,2157,119,693,251,672
193_182,193,182,6/29/2016 12:00:00 AM,-,,C STREET NE,7TH STREET NE,,-,False,,Yes,6/29/2016 12:00:00 AM,38.893571,-76.996179,06:30-09:30,15:30-18:30,131,278,31,83,49,81,188,265,48,73,55,92,2668,0,1211,0,504,0,0,2444,0,1134,0,435
193_183,193,183,7/28/2016 12:00:00 AM,-,,H STREET NW,7TH STREET NW,,-,False,,Yes,7/28/2016 12:00:00 AM,,,06:30-09:30,15:30-18:30,2672,4558,759,1097,752,1600,4617,2653,1107,760,1637,737,3156,3517,1106,839,823,1201,3424,3141,832,1108,1160,834
193_184,193,184,7/29/2016 12:00:00 AM,-,,47TH STREET NW,WINDOM PLACE NW,,-,False,,Yes,7/29/2016 12:00:00 AM,,,06:30-09:30,15:30-18:30,111,99,46,43,51,44,93,115,39,52,45,48,28,25,13,10,10,13,29,22,14,7,12,13
193_185,193,185,8/2/2016 12:00:00 AM,-,,11TH PLACE SE,SAVANNAH STREET SE,,-,False,,Yes,8/2/2016 12:00:00 AM,38.842708,-76.991372,06:30-09:30,15:30-18:30,193,157,50,56,80,39,116,133,35,25,38,53,292,294,63,79,113,110,326,343,84,72,110,139
193_186,193,186,8/4/2016 12:00:00 AM,-,,MAUD STREET NW,MANNING PLACE NW,,-,False,,Yes,8/4/2016 12:00:00 AM,38.93421,-77.104819,06:30-09:30,15:30-18:30,64,70,25,40,26,21,56,53,27,20,22,24,0,0,0,0,0,0,34,31,18,10,11,14
193_187,193,187,8/4/2016 12:00:00 AM,-,,SHERIER PLACE NW,MACOMB STREET NW,,-,False,,Yes,8/4/2016 12:00:00 AM,38.930871,-77.109078,06:30-09:30,15:30-18:30,50,86,25,25,18,43,82,70,32,25,33,36,91,62,15,28,62,23,50,55,19,13,21,32
193_188,193,188,8/4/2016 12:00:00 AM,-,,51ST STREET SE,H STREET SE,,-,False,,Yes,8/4/2016 12:00:00 AM,38.878531,-76.930014,06:30-09:30,15:30-18:30,54,89,9,26,36,45,0,118,0,21,0,75,0,179,0,52,0,97,332,0,90,0,181,0
193_189,193,189,8/4/2016 12:00:00 AM,-,,GOOD HOPE ROAD SE,FENDALL STREET SE,,-,False,,Yes,8/4/2016 12:00:00 AM,38.865717,-76.979549,06:30-09:30,15:30-18:30,0,0,0,0,0,0,0,351,0,98,0,111,4021,3464,1788,461,770,1627,3577,3783,482,1711,1670,702
193_190,193,190,8/25/2016 12:00:00 AM,-,,12TH STREET NE,UPSHUR STREET NE,,-,False,,Yes,8/25/2016 12:00:00 AM,,,06:30-09:30,15:30-18:30,3371,2001,1111,462,899,681,2113,3469,453,1210,779,884,415,504,200,60,89,294,279,204,49,81,149,57
193_191,193,191,9/2/2016 12:00:00 AM,-,,24TH STREET NW,CALVERT STREET NW,SHOREHAM DRIVE NW,-,False,,Yes,9/2/2016 12:00:00 AM,,,06:30-09:30,15:30-18:30,714,617,,,,,1408,1860,,,,,2034,1631,,,,,1354,1402,,,,
193_192,193,192,9/2/2016 12:00:00 AM,-,,CONNECTICUT AVENUE NW,CALVERT STREET NW,,-,False,,Yes,9/2/2016 12:00:00 AM,,,06:30-09:30,15:30-18:30,2857,2213,,,,,2180,2256,,,,,1736,1966,,,,,1619,1957,,,,
193_193,193,193,8/27/2016 12:00:00 AM,-,,NORTH ROAD NW,CONNECTICUT AVENUE NW,,-,False,,Yes,8/27/2016 12:00:00 AM,38.930496,-77.055541,06:30-09:30,15:30-18:30,3510,2930,,,,,3043,3432,,,,,535,726,,,,,0,0,,,,
193_194,193,194,8/27/2016 12:00:00 AM,-,,DEVONSHIRE PLACE NW,CONNECTICUT AVENUE NW,,-,False,,Yes,8/27/2016 12:00:00 AM,38.931672,-77.056249,06:30-09:30,15:30-18:30,3391,2873,,,,,2891,3407,,,,,0,0,,,,,226,228,,,,
193_195,193,195,8/27/2016 12:00:00 AM,-,,WOODLEY ROAD NW,CONNECTICUT AVENUE NW,,-,False,,Yes,8/27/2016 12:00:00 AM,38.925563,-77.052709,06:30-09:30,15:30-18:30,2811,2326,,,,,2348,3230,,,,,396,32,,,,,500,467,,,,
193_196,193,196,8/27/2016 12:00:00 AM,-,,CATHEDRAL AVENUE NW,CONNECTICUT AVENUE NW,,-,False,,Yes,8/27/2016 12:00:00 AM,38.928117,-77.054189,06:30-09:30,15:30-18:30,3232,2886,,,,,2269,2885,,,,,692,537,,,,,281,166,,,,
193_197,193,197,8/27/2016 12:00:00 AM,-,,24TH STREET NW,CONNECTICUT AVENUE NW,,-,False,,Yes,8/27/2016 12:00:00 AM,38.924787,-77.052269,06:30-09:30,15:30-18:30,3419,2641,0,0,0,0,2247,2918,0,0,0,0,0,1,0,1,0,0,576,682,1,0,0,0
193_198,193,198,8/27/2016 12:00:00 AM,-,,TILDEN STREET NW,CONNECTICUT AVENUE NW,,-,False,,Yes,8/27/2016 12:00:00 AM,38.940977,-77.061635,06:30-09:30,15:30-18:30,3163,3050,,,,,2706,3039,,,,,1010,726,,,,,571,635,,,,
193_199,193,199,8/27/2016 12:00:00 AM,-,,PORTER STREET NW,CONNECTICUT AVENUE NW,,-,True,,Yes,8/27/2016 12:00:00 AM,38.936797,-77.059125,06:30-09:30,15:30-18:30,3115,2935,,,,,2637,3266,,,,,1748,1502,,,,,870,667,,,,
193_200,193,200,8/27/2016 12:00:00 AM,-,,MACOMB STREET NW,CONNECTICUT AVENUE NW,,-,True,,Yes,8/27/2016 12:00:00 AM,38.933517,-77.057279,06:30-09:30,15:30-18:30,1923,1407,,,,,1473,1926,,,,,104,144,,,,,171,194,,,,
193_201,193,201,8/27/2016 12:00:00 AM,-,,ORDWAY STREET NW,CONNECTICUT AVENUE NW,,-,True,,Yes,8/27/2016 12:00:00 AM,38.935578,-77.058556,06:30-09:30,15:30-18:30,3261,2829,,,,,2628,3337,,,,,510,177,,,,,201,257,,,,
193_202,193,202,9/14/2016 12:00:00 AM,-,,3RD STREET NE,V STREET NE,,-,False,,Yes,9/14/2016 12:00:00 AM,,,06:30-09:30,15:30-18:30,0,312,0,95,0,149,477,0,159,0,229,0,187,211,82,84,69,102,125,266,55,117,57,104
193_203,193,203,9/14/2016 12:00:00 AM,-,,DIVISION AVENUE NE,CLOUD PLACE NE,,-,False,,Yes,9/14/2016 12:00:00 AM,,,06:30-09:30,15:30-18:30,1302,1484,541,554,615,753,1556,1280,585,528,786,612,77,164,27,56,41,85,119,126,42,57,60,52
193_204,193,204,9/15/2016 12:00:00 AM,-,,O STREET NW,23RD STREET NW,,-,False,,Yes,9/15/2016 12:00:00 AM,,,06:30-09:30,15:30-18:30,4264,0,1810,0,1940,0,0,4186,0,1748,0,1933,216,293,72,134,106,112,0,1,0,0,0,1
193_205,193,205,9/14/2016 12:00:00 AM,-,,49TH STREET NE,Brooks Street NE,,-,False,,Yes,9/14/2016 12:00:00 AM,,,06:30-09:30,15:30-18:30,1741,1541,657,662,866,698,1448,1725,600,651,676,859,264,0,185,0,61,0,0,187,0,129,0,46
193_206,193,206,9/23/2016 12:00:00 AM,-,,34TH STREET NW,FULTON STREET NW,,-,False,,Yes,9/23/2016 12:00:00 AM,38.926156,-77.06641,06:30-09:30,15:30-18:30,3436,2774,1177,603,872,1141,2648,3108,562,1008,1073,774,119,342,29,253,52,28,299,278,184,88,54,108
193_207,193,207,9/23/2016 12:00:00 AM,-,,ROCK CREEK CHURCH ROAD NE,HAMILTON STREET NE,FORT TOTTEN DRIVE NE,-,False,,Yes,9/23/2016 12:00:00 AM,,,06:30-09:30,15:30-18:30,2177,2323,1123,728,723,1255,2065,2615,631,1297,1131,920,0,0,0,0,0,0,697,1,271,0,322,1
193_208,193,208,10/13/2016 12:00:00 AM,-,,RIDGE ROAD SE,BURNS STREET SE,,-,False,,Yes,10/13/2016 12:00:00 AM,,,06:30-09:30,15:30-18:30,60,489,11,161,24,138,1488,2,789,1,311,1,1822,2956,777,478,467,1523,2934,2857,471,1408,1514,654
193_209,193,209,10/26/2016 12:00:00 AM,-,,14TH STREET NE,A STREET NE,,-,False,,Yes,10/26/2016 12:00:00 AM,,,06:30-09:30,15:30-18:30,1457,0,596,0,662,0,0,1465,0,611,0,657,136,122,60,32,50,66,99,105,35,48,47,36
193_210,193,210,10/26/2016 12:00:00 AM,-,,10TH STREET NW,O STREET NW,,-,False,,Yes,10/26/2016 12:00:00 AM,,,06:30-09:30,15:30-18:30,363,0,190,0,109,0,0,609,0,356,0,141,603,560,313,145,177,316,606,403,180,182,317,146
193_211,193,211,11/14/2016 12:00:00 AM,-,,ALABAMA AVENUE SE,RIDGE ROAD SE,,-,False,,Yes,11/14/2016 12:00:00 AM,,,06:30-09:30,15:30-18:30,647,493,232,158,332,279,403,1360,144,336,218,867,1253,1427,678,265,426,988,2269,1292,413,708,1586,428
193_212,193,212,11/14/2016 12:00:00 AM,-,,ALABAMA AVENUE SE,PENNSYLVANIA AVENUE SE,,-,False,,Yes,11/14/2016 12:00:00 AM,,,06:30-09:30,15:30-18:30,2100,1946,839,704,1021,1038,1907,2388,602,1120,1075,1020,4346,4234,2389,770,1205,2846,4082,3867,809,2045,2693,1090
193_213,193,213,11/14/2016 12:00:00 AM,-,,ALABAMA AVENUE SE,38TH STREET SE,,-,False,,Yes,11/14/2016 12:00:00 AM,,,06:30-09:30,15:30-18:30,1477,1385,523,628,776,607,1307,1208,599,381,565,675,2705,2268,1169,688,1233,1281,2421,3049,786,1380,1332,1343
193_214,193,214,11/14/2016 12:00:00 AM,-,,ALABAMA AVENUE SE,36TH PLACE SE,,-,False,,Yes,11/14/2016 12:00:00 AM,,,06:30-09:30,15:30-18:30,0,1,0,0,0,0,72,126,49,61,15,54,2764,2008,1344,629,1149,1142,2053,2754,643,1346,1173,1141
193_215,193,215,11/14/2016 12:00:00 AM,-,,ALABAMA AVENUE SE,BRANCH AVENUE SE,,-,False,,Yes,11/14/2016 12:00:00 AM,,,06:30-09:30,15:30-18:30,2671,2866,749,1587,1605,808,2775,2537,1474,594,850,1604,3221,2693,1661,812,1240,1569,2914,3485,1010,1901,1538,1252
193_216,193,216,11/14/2016 12:00:00 AM,-,,ALABAMA AVENUE SE,GOOD HOPE ROAD SE,,-,False,,Yes,11/14/2016 12:00:00 AM,,,06:30-09:30,15:30-18:30,2103,2515,448,1444,1436,871,714,546,164,116,472,352,4022,3344,2137,811,1558,2162,1699,2133,473,851,1023,1104
193_217,193,217,11/14/2016 12:00:00 AM,-,,ALABAMA AVENUE SE,NAYLOR ROAD SE,,-,False,,Yes,11/14/2016 12:00:00 AM,,,06:30-09:30,15:30-18:30,1988,3176,476,2059,1236,739,3115,1826,2010,376,750,1183,2152,2028,847,637,1080,1156,2248,2473,749,1010,1223,1211
193_218,193,218,11/14/2016 12:00:00 AM,-,,ALABAMA AVENUE SE,IRVING STREET SE,,-,False,,Yes,11/14/2016 12:00:00 AM,,,06:30-09:30,15:30-18:30,3673,3174,1384,1284,1893,1516,3098,3418,1248,1222,1463,1806,321,318,149,119,113,138,352,534,127,283,178,187
193_219,193,219,11/14/2016 12:00:00 AM,-,,ALABAMA AVENUE SE,STANTON ROAD SE,,-,False,,Yes,11/14/2016 12:00:00 AM,,,06:30-09:30,15:30-18:30,1899,2198,689,1044,995,936,1592,1426,774,476,680,812,5488,4638,2213,1360,2760,2801,5001,5718,1459,2255,3040,2926
193_220,193,220,11/14/2016 12:00:00 AM,-,,ALABAMA AVENUE SE,13TH STREET SE,,-,False,,Yes,11/14/2016 12:00:00 AM,,,06:30-09:30,15:30-18:30,352,376,144,181,168,149,480,409,220,139,207,218,3130,3190,1454,996,1317,1865,3113,3100,973,1475,1820,1280
193_221,193,221,11/14/2016 12:00:00 AM,-,,ALABAMA AVENUE SE,11TH PLACE SE,,-,False,,Yes,11/14/2016 12:00:00 AM,,,06:30-09:30,15:30-18:30,311,305,78,246,212,25,150,198,70,56,67,131,3150,3146,1504,970,1309,1855,3223,3185,1048,1428,1842,1419
193_222,193,222,11/14/2016 12:00:00 AM,-,,ALABAMA AVENUE SE,RANDLE PLACE SE,,-,False,,Yes,11/14/2016 12:00:00 AM,,,06:30-09:30,15:30-18:30,73,88,14,43,48,26,0,0,0,0,0,0,1865,2113,647,854,959,929,2161,1898,884,648,929,981
193_223,193,223,10/26/2016 12:00:00 AM,-,,2ND STREET NW,KENNEDY STREET NW,,-,False,,Yes,10/26/2016 12:00:00 AM,,,06:30-09:30,15:30-18:30,123,328,64,68,44,212,409,174,82,116,289,47,869,1046,426,242,329,676,868,721,199,345,555,282
193_224,193,224,1/26/2017 12:00:00 AM,-,,5TH STREET NW,QUACKENBOS STREET NW,,-,False,,Yes,1/26/2017 12:00:00 AM,,,06:30-09:30,15:30-18:30,877,792,495,225,306,489,802,904,219,515,498,320,488,408,298,114,151,248,405,468,123,281,249,147
193_225,193,225,1/26/2017 12:00:00 AM,-,,24TH STREET NE,BUNKER HILL ROAD NE,,-,False,,Yes,1/26/2017 12:00:00 AM,,,06:30-09:30,15:30-18:30,9,7,4,0,5,4,51,69,14,27,28,37,865,749,572,125,225,523,798,898,137,575,554,248
193_226,193,226,1/31/2017 12:00:00 AM,-,,NEBRASKA AVENUE NW,JENIFER STREET NW,,-,False,,Yes,1/31/2017 12:00:00 AM,,,06:30-09:30,15:30-18:30,4078,3872,2312,933,1291,2430,3825,3834,922,2115,2395,1249,0,0,0,0,0,0,99,296,25,211,64,71
193_228,193,228,3/22/2017 12:00:00 AM,-,,ILLINOIS AVENUE NW,EMERSON STREET NW,,-,False,,Yes,3/22/2017 12:00:00 AM,38.949831,-77.023494,06:30-09:30,15:30-18:30,1253,1569,458,719,635,635,1514,1208,691,431,610,622,258,343,76,220,151,87,301,206,196,51,76,128
193_229,193,229,3/22/2017 12:00:00 AM,-,,ARKANSAS AVENUE NW,EMERSON STREET NW,,-,False,,Yes,3/22/2017 12:00:00 AM,38.949747,-77.02888,06:30-09:30,15:30-18:30,1395,1328,324,774,874,389,1326,1342,796,309,366,848,514,701,207,378,231,241,689,553,356,222,253,246
193_230,193,230,3/2/2017 12:00:00 AM,-,,7TH STREET NW,H STREET NW,,-,True,,Yes,3/2/2017 12:00:00 AM,38.8998,-77.021916,06:30-09:30,15:30-18:30,3287,5776,810,1407,847,1488,5855,3267,1409,808,1521,831,3111,4140,914,725,779,1321,4044,3114,722,915,1274,781
193_233,193,233,9/27/2016 12:00:00 AM,-,,FIRST STREET NE,K STREET NE,,-,False,,Yes,9/27/2016 12:00:00 AM,,,06:30-09:30,15:30-18:30,2426,1471,722,327,653,547,1553,2617,259,1109,789,558,4488,4446,1988,576,946,2301,4810,4743,831,1788,2189,1171
193_234,193,234,9/27/2016 12:00:00 AM,-,,FIRST STREET NE,L STREET NE,,-,False,,Yes,9/27/2016 12:00:00 AM,,,06:30-09:30,15:30-18:30,2051,2419,698,628,520,851,1172,2460,221,841,479,605,1029,2236,444,523,240,967,2863,0,629,0,1184,0
193_235,193,235,9/27/2016 12:00:00 AM,-,,M STREET NE,FIRST STREET NE,,-,False,,Yes,9/27/2016 12:00:00 AM,,,06:30-09:30,15:30-18:30,2275,2712,586,802,675,725,2065,2828,524,863,603,705,1220,1943,487,335,264,800,1923,0,403,0,688,0
193_236,193,236,9/27/2016 12:00:00 AM,-,,FIRST STREET NE,PEIRCE STREET NE,,-,False,,Yes,9/27/2016 12:00:00 AM,,,06:30-09:30,15:30-18:30,2882,2065,877,524,717,603,2977,2140,836,638,976,535,0,0,0,0,0,0,0,1654,0,551,0,555
193_237,193,237,9/27/2016 12:00:00 AM,-,,NORTH CAPITOL STREET NE,K STREET NE,,-,False,,Yes,9/27/2016 12:00:00 AM,,,06:30-09:30,15:30-18:30,9295,8695,3362,2437,2371,2999,7933,8046,2328,2851,2677,2046,4627,4851,1542,1031,1306,2022,5172,5435,1130,2043,2070,1357
193_238,193,238,9/27/2016 12:00:00 AM,-,,NORTH CAPITOL STREET NE,M STREET NE,,-,False,,Yes,9/27/2016 12:00:00 AM,,,06:30-09:30,15:30-18:30,10249,12707,2853,3209,3065,4134,8856,10525,2165,2944,3006,3124,0,1695,0,441,0,598,5823,1,1576,0,1785,0
193_239,193,239,9/27/2016 12:00:00 AM,-,,NORTH CAPITOL STREET NE,PEIRCE STREET NE,,-,False,,Yes,9/27/2016 12:00:00 AM,,,06:30-09:30,15:30-18:30,7692,5088,4297,2247,0,0,4593,8014,1957,4559,0,0,821,0,553,0,0,0,0,4,0,1,0,0
193_240,193,240,2/27/2017 12:00:00 AM,-,,FIRST STREET NE,K STREET NE,,-,False,,Yes,2/27/2017 12:00:00 AM,,,06:30-09:30,15:30-18:30,2221,1567,698,345,632,591,1681,2555,276,996,834,538,4711,4532,2239,616,978,2289,4862,4821,750,2006,2182,1208
193_241,193,241,2/27/2017 12:00:00 AM,-,,FIRST STREET NE,L STREET NE,,-,False,,Yes,2/27/2017 12:00:00 AM,,,06:30-09:30,15:30-18:30,2281,2242,681,575,753,852,1647,2368,360,753,691,736,1418,2541,614,545,388,1212,2968,1163,690,472,1285,317
193_242,193,242,2/27/2017 12:00:00 AM,-,,FIRST STREET NE,M STREET NE,,-,False,,Yes,2/27/2017 12:00:00 AM,,,06:30-09:30,15:30-18:30,2167,2624,597,825,652,779,1752,2557,502,801,547,705,1235,1798,459,352,339,744,1825,0,420,0,690,0
193_243,193,243,2/27/2017 12:00:00 AM,-,,FIRST STREET NE,PEIRCE STREET NE,,-,False,,Yes,2/27/2017 12:00:00 AM,,,06:30-09:30,15:30-18:30,2587,1394,809,388,721,418,1772,2008,508,614,553,584,0,0,0,0,0,0,0,957,0,315,0,272
193_244,193,244,2/27/2017 12:00:00 AM,-,,NORTH CAPITOL STREET NE,K STREET NE,,-,False,,Yes,2/27/2017 12:00:00 AM,,,06:30-09:30,15:30-18:30,8027,8178,2948,2362,2034,2834,7652,7019,2271,2634,2581,1734,4847,4956,1919,1052,1230,1941,5204,5577,1144,2234,1966,1302
193_245,193,245,2/27/2017 12:00:00 AM,-,,NORTH CAPITOL STREET NE,L STREET NE,,-,False,,Yes,2/27/2017 12:00:00 AM,,,06:30-09:30,15:30-18:30,10364,8547,3978,2338,2594,3145,8571,8383,2443,3203,3036,2071,1298,3188,361,1179,521,917,76,191,13,75,35,53
193_246,193,246,2/27/2017 12:00:00 AM,-,,NORTH CAPITOL STREET NE,M STREET NE,,-,False,,Yes,2/27/2017 12:00:00 AM,,,06:30-09:30,15:30-18:30,12845,13654,4862,3983,3042,4263,8793,13394,2375,5009,3140,3154,1,1676,0,405,0,508,7090,5,2161,1,1744,1
193_247,193,247,2/27/2017 12:00:00 AM,-,,NORTH CAPITOL STREET NE,PEIRCE STREET NE,,-,False,,Yes,2/27/2017 12:00:00 AM,,,06:30-09:30,15:30-18:30,9765,8744,3935,2466,2347,3099,8121,9973,2286,4021,2914,2382,832,0,266,0,221,0,0,1,0,0,0,1
193_248,193,248,4/6/2017 12:00:00 AM,-,,39TH STREET NW,INGOMAR STREET NW,,-,False,,Yes,4/6/2017 12:00:00 AM,,,06:30-09:30,15:30-18:30,143,125,101,48,42,77,128,148,48,107,80,41,18,34,11,7,7,27,40,22,13,11,27,11
193_249,193,249,4/4/2017 12:00:00 AM,-,,39TH STREET NW,JENIFER STREET NW,,-,False,,Yes,4/4/2017 12:00:00 AM,,,06:30-09:30,15:30-18:30,253,271,173,106,80,165,257,241,95,168,162,73,103,79,76,23,27,56,76,98,18,65,58,33
193_250,193,250,4/7/2017 12:00:00 AM,-,,39TH STREET NW,RENO ROAD NW,,-,False,,Yes,4/7/2017 12:00:00 AM,,,06:30-09:30,15:30-18:30,233,237,159,92,74,145,111,133,41,92,70,41,1008,881,372,448,636,433,784,885,385,325,399,560
193_251,193,251,4/6/2017 12:00:00 AM,-,,38TH STREET NW,JENIFER STREET NW,,-,False,,Yes,4/6/2017 12:00:00 AM,,,06:30-09:30,15:30-18:30,69,139,44,46,25,93,157,108,51,68,106,40,143,112,103,48,40,64,85,95,33,69,52,26
193_252,193,252,4/7/2017 12:00:00 AM,-,,RENO ROAD NW,JENIFER STREET NW,,-,False,,Yes,4/7/2017 12:00:00 AM,,,06:30-09:30,15:30-18:30,722,846,350,327,372,519,848,779,331,369,517,410,86,80,63,18,23,62,147,98,41,71,106,27
193_253,193,253,4/6/2017 12:00:00 AM,-,,JOCELYN ST NW,39TH STREET NW,,-,False,,Yes,4/6/2017 12:00:00 AM,,,06:30-09:30,15:30-18:30,235,253,147,100,88,153,242,243,96,150,146,93,34,11,16,3,18,8,8,12,3,9,5,3
193_256,193,256,4/7/2017 12:00:00 AM,-,,RENO ROAD NW,JOCELYN ST NW,,-,False,,Yes,4/7/2017 12:00:00 AM,,,06:30-09:30,15:30-18:30,684,920,336,316,348,604,915,689,310,339,605,350,18,8,11,2,7,6,0,0,0,0,0,0
193_257,193,257,4/11/2017 12:00:00 AM,-,,13TH STREET NE,I STREET NE,,-,False,,Yes,4/11/2017 12:00:00 AM,38.901319,-76.988292,06:30-09:30,15:30-18:30,522,716,110,281,343,338,726,717,296,148,331,480,0,410,0,101,0,254,595,0,124,0,398,0
193_258,193,258,4/5/2017 12:00:00 AM,-,,46TH PLACE NE,CENTRAL AVENUE NE,,-,False,,Yes,4/5/2017 12:00:00 AM,38.890214,-76.935828,06:30-09:30,15:30-18:30,150,1,53,0,76,0,0,0,0,0,0,0,984,381,568,121,309,209,268,1020,83,583,146,322
193_259,193,259,4/5/2017 12:00:00 AM,-,,44TH STREET NE,EDSON PLACE NE,,-,False,,Yes,4/5/2017 12:00:00 AM,38.896761,-76.939209,06:30-09:30,15:30-18:30,1524,1309,622,501,670,604,1325,1474,503,584,615,659,67,74,30,23,25,35,70,129,18,65,38,50
193_260,193,260,4/5/2017 12:00:00 AM,-,,TEXAS AVENUE NE,F STREET NE,,-,False,,Yes,4/5/2017 12:00:00 AM,38.882112,-76.942977,06:30-09:30,15:30-18:30,1710,1820,520,761,922,850,1889,1766,768,562,909,935,202,215,103,68,71,117,0,0,0,0,0,0
193_261,193,261,4/4/2017 12:00:00 AM,-,,13TH STREET NW,HAMILTON STREET NW,,-,False,,Yes,4/4/2017 12:00:00 AM,38.952901,-77.029692,06:30-09:30,15:30-18:30,2338,2130,1249,483,795,1335,2112,2377,477,1269,1331,815,172,144,76,52,70,69,160,131,55,53,74,51
193_263,193,263,9/27/2016 12:00:00 AM,-,,NORTH CAPITOL STREET NE,L STREET NE,,-,False,,Yes,9/27/2016 12:00:00 AM,,,06:30-09:30,15:30-18:30,12064,8131,4605,2030,2993,2785,9085,9534,2536,3715,2932,2274,20,3494,20,1406,0,866,12,22,12,22,0,0
193_264,193,264,4/20/2017 12:00:00 AM,-,,A STREET SE,8TH STREET SE,,-,False,,Yes,4/20/2017 12:00:00 AM,,,06:30-09:30,15:30-18:30,1329,1195,527,485,612,511,1211,1361,490,538,518,630,159,129,114,22,28,97,173,187,40,126,118,38
193_265,193,265,4/19/2017 12:00:00 AM,-,,STAPLES STREET NE,MORSE STREET NE,,-,False,,Yes,4/19/2017 12:00:00 AM,38.901804,-76.9853,06:30-09:30,15:30-18:30,121,107,50,32,55,62,223,181,67,73,109,83,262,435,106,93,121,279,357,240,76,101,241,102
193_266,193,266,5/4/2017 12:00:00 AM,-,,46TH STREET NE,JAY STREET NE,,-,False,,Yes,5/4/2017 12:00:00 AM,,,06:30-09:30,15:30-18:30,55,47,24,12,26,22,38,30,10,11,21,16,214,108,138,30,56,59,101,223,27,146,53,59
193_267,193,267,5/5/2017 12:00:00 AM,-,,17TH STREET NW,KILBOURNE PLACE NW,,-,False,,Yes,5/5/2017 12:00:00 AM,,,06:30-09:30,15:30-18:30,131,142,47,37,67,84,124,131,31,55,79,60,147,129,39,48,67,55,119,119,51,28,48,62
193_268,193,268,5/8/2017 12:00:00 AM,-,,ILLINOIS AVENUE NW,TAYLOR STREET NW,,-,True,,Yes,5/8/2017 12:00:00 AM,38.941002,-77.01793,06:30-09:30,15:30-18:30,243,134,101,43,118,73,116,212,41,98,65,96,107,212,39,52,49,136,190,98,47,35,120,47
193_269,193,269,5/2/2017 12:00:00 AM,-,,ALABAMA AVENUE SE,32ND STREET SE,,-,False,,Yes,5/2/2017 12:00:00 AM,38.861707,-76.961491,06:30-09:30,15:30-18:30,216,185,49,86,140,80,263,217,188,32,51,156,3637,3187,1948,1225,1228,1491,3349,3876,1237,2079,1627,1319
193_270,193,270,5/15/2017 12:00:00 AM,-,,13TH STREET NE,PERRY STREET NE,,-,False,,Yes,5/15/2017 12:00:00 AM,,,06:30-09:30,15:30-18:30,1266,1338,614,371,503,790,1418,1322,437,601,791,560,139,251,66,43,60,190,426,338,94,196,301,115
193_271,193,271,5/3/2017 12:00:00 AM,-,,13TH STREET NE,HAMLIN STREET NE,,-,False,,Yes,5/3/2017 12:00:00 AM,38.927724,-76.98827,06:30-09:30,15:30-18:30,1548,1577,687,492,663,865,1616,1578,507,715,888,660,250,145,160,43,60,86,121,235,38,142,65,65
193_272,193,272,5/3/2017 12:00:00 AM,-,,10TH STREET NE,UPSHUR STREET NE,,-,False,,Yes,5/3/2017 12:00:00 AM,38.941803,-76.992632,06:30-09:30,15:30-18:30,0,659,0,285,0,304,980,0,319,0,564,0,210,397,166,58,31,301,48,182,9,151,34,24
193_273,193,273,5/16/2017 12:00:00 AM,-,,13TH STREET NE,GIRARD STREET NE,,-,False,,Yes,5/16/2017 12:00:00 AM,,,06:30-09:30,15:30-18:30,1484,1567,670,495,614,856,1608,1547,512,712,871,629,461,197,317,34,60,136,187,429,30,288,131,55
193_274,193,274,5/3/2017 12:00:00 AM,-,,NEAL STREET NE,STAPLES STREET NE,,-,False,,Yes,5/3/2017 12:00:00 AM,38.902731,-76.984667,06:30-09:30,15:30-18:30,96,86,44,28,39,48,138,127,42,59,81,51,448,588,216,157,160,362,548,429,153,211,331,150
193_275,193,275,5/16/2017 12:00:00 AM,-,,19TH STREET NE,I STREET NE,,-,False,,Yes,5/16/2017 12:00:00 AM,38.901963,-76.976223,06:30-09:30,15:30-18:30,0,1421,0,699,0,532,1471,0,706,0,570,0,298,481,154,131,109,291,431,298,122,152,258,114
193_276,193,276,5/16/2017 12:00:00 AM,-,,17TH STREET NW,VARNUM STREET NW,,-,False,,Yes,5/16/2017 12:00:00 AM,38.94293,-77.038804,06:30-09:30,15:30-18:30,141,85,95,30,36,43,87,143,24,96,53,38,57,102,32,29,18,62,96,51,28,24,59,23
193_277,193,277,4/20/2017 12:00:00 AM,-,,I STREET NW,21ST STREET NW,,-,False,,Yes,4/20/2017 12:00:00 AM,38.900711,-77.046647,06:30-09:30,15:30-18:30,4302,0,1298,0,2356,0,0,3611,0,921,0,2146,0,810,0,322,0,350,863,744,300,355,418,278
193_278,193,278,5/24/2017 12:00:00 AM,-,,PINEY BRANCH ROAD NW,ASPEN STREET NW,,-,False,,Yes,5/24/2017 12:00:00 AM,38.972339,-77.023644,06:30-09:30,15:30-18:30,2847,2394,1727,533,1012,1676,2708,3095,602,1882,1891,1102,829,752,578,136,232,550,490,633,94,450,359,166
193_279,193,279,5/24/2017 12:00:00 AM,-,,ASPEN STREET NW,6TH STREET NW,,-,False,,Yes,5/24/2017 12:00:00 AM,38.972347,-77.021424,06:30-09:30,15:30-18:30,176,174,91,64,85,110,171,157,62,89,109,68,969,907,664,194,305,713,856,934,183,653,673,281
193_280,193,280,6/5/2017 12:00:00 AM,-,,5TH STREET SE,INDEPENDENCE AVENUE SE,,-,False,,Yes,6/5/2017 12:00:00 AM,,,06:30-09:30,15:30-18:30,827,194,342,51,388,114,70,675,28,265,31,327,0,1911,0,303,0,1335,1883,0,249,0,1357,0
193_281,193,281,6/20/2017 12:00:00 AM,-,,C STREET SW,13 STREET SW,,-,False,,Yes,6/20/2017 12:00:00 AM,,,06:30-09:30,15:30-18:30,0,1,0,0,0,1,511,396,63,254,376,82,2335,2005,358,794,1576,817,2270,2714,983,356,861,1913
193_282,193,282,6/15/2017 12:00:00 AM,-,,IRVING STREET NE,26TH STREET NE,,-,False,,YES,6/15/2017 12:00:00 AM,,,06:30-09:30,15:30-18:30,94,26,66,9,25,11,53,67,21,32,26,30,103,66,75,21,24,40,82,173,24,124,49,43
193_283,193,283,6/15/2017 12:00:00 AM,-,,NORTH CAPITOL STREET NW,UNDERWOOD PLACE NW,,-,False,,Yes,6/15/2017 12:00:00 AM,,,06:30-09:30,15:30-18:30,176,183,105,127,47,44,134,164,101,105,27,38,80,40,48,19,25,14,74,77,32,35,30,33
193_284,193,284,6/1/2017 12:00:00 AM,-,,5TH STREET NW,ASPEN STREET NW,,-,False,,Yes,6/1/2017 12:00:00 AM,,,06:30-09:30,15:30-18:30,737,598,357,197,380,401,709,813,225,391,484,422,954,915,606,258,348,657,789,863,222,564,567,299
193_285,193,285,6/1/2017 12:00:00 AM,-,,5TH STREET NW,BUTTERNUT STREET NW,,-,False,,Yes,6/1/2017 12:00:00 AM,,,06:30-09:30,15:30-18:30,658,407,338,123,320,284,621,655,191,355,430,300,1002,906,484,343,518,563,835,1148,338,530,497,618
193_286,193,286,6/1/2017 12:00:00 AM,-,,5TH STREET NW,CEDAR STREET NW,,-,False,,Yes,6/1/2017 12:00:00 AM,,,06:30-09:30,15:30-18:30,628,242,331,74,297,168,427,677,126,364,301,313,763,601,467,188,296,413,430,728,131,429,299,299
193_287,193,287,6/1/2017 12:00:00 AM,-,,5TH STREET NW,WHITTIER STREET NW,,-,False,,Yes,6/1/2017 12:00:00 AM,,,06:30-09:30,15:30-18:30,725,764,386,218,339,546,845,686,211,368,634,318,839,668,543,180,296,488,511,802,149,523,362,279
193_288,193,288,6/1/2017 12:00:00 AM,-,,5TH STREET NW,VAN BUREN STREET,,-,False,,Yes,6/1/2017 12:00:00 AM,,,06:30-09:30,15:30-18:30,646,790,349,205,297,585,697,809,196,409,501,400,114,16,49,3,65,13,348,190,107,84,241,106
193_289,193,289,6/8/2017 12:00:00 AM,-,,13TH STREET NW,KENNEDY STREET NW,,-,False,,Yes,6/8/2017 12:00:00 AM,,,06:30-09:30,15:30-18:30,2323,1974,1336,525,987,1449,2229,2365,607,1386,1622,979,991,1358,548,521,443,837,1121,967,469,528,652,439
193_290,193,290,6/8/2017 12:00:00 AM,-,,13TH STREET NW,MADISON STREET NW,,-,False,,Yes,6/8/2017 12:00:00 AM,,,06:30-09:30,15:30-18:30,2096,2161,1262,631,834,1530,1892,2089,512,1255,1380,834,870,412,436,148,434,264,342,538,112,288,230,250
193_291,193,291,6/8/2017 12:00:00 AM,-,,DECATUR STREET NW,16TH STREET NW,,-,False,,Yes,6/8/2017 12:00:00 AM,,,06:30-09:30,15:30-18:30,6693,5969,4224,2042,2469,3927,5889,6658,2011,4201,3878,2457,201,202,117,79,84,123,175,129,46,76,129,53
193_292,193,292,6/8/2017 12:00:00 AM,-,,DECATUR STREET NW,15TH STREET NW,,-,False,,Yes,6/8/2017 12:00:00 AM,,,06:30-09:30,15:30-18:30,102,91,54,38,48,53,82,116,40,61,42,55,125,132,59,54,66,78,135,105,53,53,82,52
193_293,193,293,6/8/2017 12:00:00 AM,-,,DECATUR STREET NW,PINEY BRANCH ROAD NW,,-,False,,Yes,6/8/2017 12:00:00 AM,,,06:30-09:30,15:30-18:30,142,85,83,23,59,62,42,70,18,36,24,34,105,131,52,48,53,83,191,194,64,110,127,84
193_294,193,294,5/24/2017 12:00:00 AM,-,,PINEY BRANCH ROAD NW,ASPEN STREET NW,,-,False,,Yes,5/24/2017 12:00:00 AM,,,06:30-09:30,15:30-18:30,3236,2687,2020,660,1216,2027,3044,3518,747,2204,2297,1314,930,856,658,167,272,689,564,713,120,514,444,199
193_295,193,295,5/24/2017 12:00:00 AM,-,,ASPEN STREET NW,6TH STREET NW,,-,False,,Yes,5/24/2017 12:00:00 AM,,,06:30-09:30,15:30-18:30,176,174,91,64,85,110,171,157,62,89,109,68,969,907,664,194,305,713,856,934,183,653,673,281
193_296,193,296,5/24/2017 12:00:00 AM,-,,ASPEN STREET NW,5TH STREET NW,,-,False,,Yes,5/24/2017 12:00:00 AM,,,06:30-09:30,15:30-18:30,642,556,352,188,290,368,706,728,228,396,478,332,1049,1068,690,223,359,845,892,937,177,640,715,297
193_297,193,297,5/24/2017 12:00:00 AM,-,,ASPEN STREET NW,4TH STREET NW,,-,False,,Yes,5/24/2017 12:00:00 AM,,,06:30-09:30,15:30-18:30,252,286,114,98,138,188,264,242,98,118,166,124,1126,1143,735,259,391,884,1101,1072,239,711,862,361
193_298,193,298,5/24/2017 12:00:00 AM,-,,ASPEN STREET NW,BLAIR ROAD NW,,-,False,,Yes,5/24/2017 12:00:00 AM,,,06:30-09:30,15:30-18:30,2330,2629,1118,1174,1212,1455,3034,2699,1240,1386,1794,1313,1557,1585,1056,369,501,1216,1120,1128,254,739,866,389
193_299,193,299,6/7/2017 12:00:00 AM,-,,WARDER STREET NW,LAMONT STREET NW,,-,False,,Yes,6/7/2017 12:00:00 AM,,,06:30-09:30,15:30-18:30,0,2615,0,971,0,1644,2658,3,987,0,1671,3,154,227,72,104,82,123,196,163,91,75,105,88
193_300,193,300,6/7/2017 12:00:00 AM,-,,WARDER STREET NW,KENYON STREET NW,,-,False,,Yes,6/7/2017 12:00:00 AM,,,06:30-09:30,15:30-18:30,0,2735,0,1030,0,1705,2019,1,638,0,1381,1,5003,1,2620,0,2383,1,1,4286,0,2228,1,2058
193_301,193,301,6/7/2017 12:00:00 AM,-,,WARDER STREET NW,NEWTON PLACE NW,,-,False,,Yes,6/7/2017 12:00:00 AM,,,06:30-09:30,15:30-18:30,0,1954,0,723,0,1231,1890,4,699,3,1191,1,0,183,0,70,0,113,252,1,98,1,154,0
193_302,193,302,6/7/2017 12:00:00 AM,-,,WARDER STREET NW,OTIS PLACE NW,,-,False,,Yes,6/7/2017 12:00:00 AM,,,06:30-09:30,15:30-18:30,0,2067,0,656,0,1411,2183,0,713,0,1470,0,171,0,84,0,87,0,0,287,0,141,0,146
193_303,193,303,6/7/2017 12:00:00 AM,-,,WARDER STREET NW,PARK ROAD NW,,-,False,,Yes,6/7/2017 12:00:00 AM,,,06:30-09:30,15:30-18:30,0,1787,0,613,0,1174,2188,5,837,3,1351,2,144,559,64,345,80,214,618,599,365,305,253,294
193_306,193,306,6/6/2017 12:00:00 AM,-,,NORTH DAKOTA AVENUE NW,QUACKENBOS STREET NW,,-,False,,Yes,6/6/2017 12:00:00 AM,,,06:30-09:30,15:30-18:30,354,271,130,140,224,131,467,624,250,231,217,393,469,224,286,59,183,165,446,617,142,378,304,239
193_307,193,307,6/22/2017 12:00:00 AM,-,,TEXAS AVENUE SE,DUBOIS PLACE SE,,-,False,,Yes,6/22/2017 12:00:00 AM,,,06:30-09:30,15:30-18:30,1197,1274,314,433,681,659,1253,1190,424,314,651,672,0,0,0,0,0,0,49,35,16,7,22,23
193_308,193,308,6/6/2017 12:00:00 AM,-,,NORTH DAKOTA AVENUE NW,PEABODY ST NW,,-,False,,Yes,6/6/2017 12:00:00 AM,,,06:30-09:30,15:30-18:30,576,424,219,242,357,182,59,1255,43,463,16,792,847,8,517,4,330,4,738,533,277,347,461,186
193_309,193,309,6/6/2017 12:00:00 AM,-,,NORTH DAKOTA AVENUE NW,QUACKENBOS STREET NW,,-,False,,Yes,6/6/2017 12:00:00 AM,,,06:30-09:30,15:30-18:30,354,271,130,140,224,131,467,624,250,231,217,393,469,224,286,59,183,165,446,617,142,378,304,239
193_310,193,310,6/6/2017 12:00:00 AM,-,,NORTH DAKOTA AVENUE NW,RITTENHOUSE STREET NW,,-,False,,Yes,6/6/2017 12:00:00 AM,,,06:30-09:30,15:30-18:30,247,207,92,106,155,101,275,375,141,141,134,234,155,124,77,36,78,88,260,231,87,114,173,117
193_311,193,311,6/22/2017 12:00:00 AM,-,,13TH STREET NW,EUCLID STREET NW,,-,True,,Yes,6/22/2017 12:00:00 AM,,,06:30-09:30,15:30-18:30,2844,2083,1666,593,1178,1490,2106,2681,634,1585,1472,1096,405,739,216,180,189,559,983,835,289,447,694,388
193_312,193,312,7/11/2017 12:00:00 AM,-,,CONSTITUTION AVENUE NE,16TH STREET NE,,-,False,,Yes,7/11/2017 12:00:00 AM,,,06:30-09:30,15:30-18:30,54,99,20,31,25,45,125,161,33,51,67,86,136,199,67,36,55,139,265,121,53,55,173,50
193_313,193,313,7/11/2017 12:00:00 AM,-,,8TH STREET NE,D STREET NE,,-,False,,Yes,7/11/2017 12:00:00 AM,,,06:30-09:30,15:30-18:30,1414,1249,564,559,629,532,1269,1224,562,520,540,511,0,798,0,206,0,484,588,0,159,0,358,0
193_314,193,314,7/14/2017 12:00:00 AM,-,,13TH STREET NE,UPSHUR STREET NE,,-,False,,Yes,7/14/2017 12:00:00 AM,,,06:30-09:30,15:30-18:30,1197,1327,579,356,443,763,1299,1045,340,480,756,404,287,616,189,152,67,398,562,357,110,230,386,87
193_315,193,315,7/14/2017 12:00:00 AM,-,,19TH STREET NE,CONSTITUTION AVENUE NE,,-,False,,Yes,7/14/2017 12:00:00 AM,,,06:30-09:30,15:30-18:30,2,1933,2,687,0,975,1938,4,705,2,963,1,83,51,37,13,39,34,66,101,19,61,40,32
193_316,193,316,6/14/2017 12:00:00 AM,-,,12TH STREET NE,jackson street ne,,-,False,,Yes,6/14/2017 12:00:00 AM,38.929085,-76.990728,06:30-09:30,15:30-18:30,1183,1656,465,677,538,727,1620,1184,660,468,715,539,114,121,27,63,72,44,125,81,81,25,32,47
193_317,193,317,7/18/2017 12:00:00 AM,-,,18TH STREET NE,BUNKER HILL ROAD NE,,-,False,,Yes,7/18/2017 12:00:00 AM,38.941512,-76.980268,06:30-09:30,15:30-18:30,639,20,381,5,191,11,55,653,13,370,33,220,725,700,476,105,213,515,748,794,115,505,548,239
193_318,193,318,7/25/2017 12:00:00 AM,-,,14TH STREET NW,ALLISON STREET NW,,-,False,,Yes,7/25/2017 12:00:00 AM,38.945066,-77.032726,06:30-09:30,15:30-18:30,1942,1604,930,449,744,882,1568,1963,435,967,869,730,295,225,149,65,104,122,233,246,76,109,121,104
193_319,193,319,6/25/2017 12:00:00 AM,-,,14TH STREET NW,VARNUM STREET NW,,-,False,,Yes,6/25/2017 12:00:00 AM,38.94293,-77.032726,06:30-09:30,15:30-18:30,1752,1184,790,431,712,563,1184,2199,431,940,563,923,0,0,0,0,0,0,447,0,150,0,211,0
193_320,193,320,7/31/2017 12:00:00 AM,-,,MARYLAND AVENUE NE,3RD STREET NE,,-,False,,Yes,7/31/2017 12:00:00 AM,,,06:30-09:30,15:30-18:30,0,1297,0,629,0,448,1096,0,497,0,403,0,2008,1471,1288,400,466,816,1644,1980,513,1269,853,458
193_321,193,321,9/8/2017 12:00:00 AM,-,,17TH STREET NE,LAWRENCE STREET NE,,-,False,,Yes,9/8/2017 12:00:00 AM,,,06:30-09:30,15:30-18:30,243,178,120,77,100,83,171,234,75,114,78,89,202,122,122,50,54,63,110,192,41,117,56,53
193_322,193,322,9/8/2017 12:00:00 AM,-,,2ND STREET NE,S STREET NE,,-,False,,Yes,9/8/2017 12:00:00 AM,,,06:30-09:30,15:30-18:30,1791,0,981,0,603,0,0,1888,0,1040,0,635,136,39,71,12,52,20,0,0,0,0,0,0
